transactionid,saledate,customerid,productid,storeid,campaignid,saleamount,discountpercent,paymenttype
1,7/12/2018,1034,2059,402,0,2048.2,25,Credit
2,11/3/2005,1066,2048,403,1,321.87,15,Digital Wallet
3,3/22/2022,1116,2041,403,3,3216.84,0,Digital Wallet
4,8/19/2015,1071,2096,404,2,1613.23,0,Digital Wallet
5,12/7/2008,1020,2060,401,0,408.38,10,Unknown
6,5/14/2020,1089,2028,401,0,1275.88,15,Debit
7,9/28/2011,1193,2003,402,1,346.66,3,Debit
8,6/11/2003,1005,2079,402,1,855.49,0,Cash
9,2/25/2019,1032,2060,401,1,735.08,8.5,Cash
10,10/30/2007,1119,2089,403,2,661.63,10,Debit
11,1/18/2024,1042,2077,401,-1,505.65,10,Debit
12,4/9/2016,1079,2013,401,2,0,8.5,Credit
14,11/16/2021,1183,2025,401,1,503.32,0,Credit Card
15,8/5/2013,1026,2089,403,0,413.52,0,Credit Card
16,12/14/2006,1144,2005,403,3,1715.12,0,Debit
17,5/29/2017,1169,2047,401,2,535.97,15,Cash
19,3/17/2010,1110,2046,404,1,30.09,8.5,Digital Wallet
20,6/24/2014,1111,2022,403,3,671.18,0,Digital Wallet
22,10/31/2012,1062,2011,403,3,1229.22,8.5,Cash
23,2/28/2025,1062,2096,404,3,672.18,12.5,Credit Card
24,4/26/2001,1086,2003,404,2,924.43,8.5,Cash
25,12/3/2018,1046,2062,402,2,1981.95,5,Debit
26,7/19/2007,1066,2043,403,2,698.76,3,Debit
27,9/14/2019,1142,2001,402,0,1237.05,3,Credit Card
28,1/22/2015,1061,2092,404,3,482.21,15,Debit
31,12/1/2003,1004,2011,403,1,737.53,100,Debit
32,3/11/2016,1103,2088,402,2,0,3,Cash
33,5/24/2009,1169,2074,403,3,0,100,Credit
34,7/30/2022,1141,2067,403,3,872.85,15,Debit-Card
35,2/13/2011,1190,2070,403,2,54.69,7.5,Digital Wallet
36,10/8/2017,1179,2058,403,2,1066.8,25,Digital Wallet
37,4/21/2005,1064,2029,401,1,12.16,10,Unknown
38,6/5/2024,1080,2015,402,1,3037.36,5,Digital Wallet
39,1/29/2013,1055,2094,404,2,1578.72,5,Debit
40,8/16/2008,1185,2075,403,0,0,12.5,Unknown
41,11/22/2019,9999,2037,402,2,288.11,10,Digital Wallet
42,7/9/2001,1045,2038,401,1,1667.72,100,Cash
43,4/2/2021,1070,2005,401,2,686.05,25,Cash
44,12/27/2014,1178,2016,404,0,0,5,Digital Wallet
45,3/15/2006,1003,2073,403,3,1498.29,0,Digital Wallet
46,5/19/2023,1122,2056,403,1,944.5,100,Cash
47,9/4/2010,1013,2032,404,0,2836.8,5,Credit
48,2/11/2018,1016,2051,404,0,117.32,10,Digital Wallet
49,10/28/2004,1147,2080,401,1,0,12.5,Cash
50,6/13/2012,1038,2072,403,0,840.6,7.5,Credit
51,1/25/2020,1063,2015,404,1,1214.95,8.5,Credit Card
52,11/7/2007,1198,2066,404,3,516.06,0,Credit Card
53,8/3/2015,1113,2038,404,2,2223.62,5,Credit
54,4/18/2009,1145,2079,401,0,1901.08,7.5,Credit
55,12/9/2022,1195,2026,402,2,507.74,7.5,Credit
56,7/22/2013,1169,2010,402,1,140.11,10,Credit
57,5/14/2002,1044,2070,401,1,0,0,Unknown
58,3/6/2017,1000,2052,404,3,2193.78,0,Cash
59,9/21/2024,1074,2004,402,2,741.8,25,Credit
60,10/12/2011,1180,2036,404,0,217.98,8.5,Debit
61,5/29/2016,1175,2029,403,1,36.48,12.5,Debit
62,2/24/2008,1108,2014,402,1,221.67,15,Debit
63,12/16/2019,1068,2018,401,0,2169.04,0,Cash
64,9/1/2005,1042,2039,403,3,2929.32,10,Credit
65,7/8/2021,1031,2059,403,3,0,10,Cash
66,3/25/2014,1069,2064,404,3,1470.2,25,Debit-Card
68,8/14/2023,1188,2041,403,0,1608.42,7.5,Debit
69,6/7/2010,1023,2029,401,2,0,0,Debit-Card
70,11/30/2017,1147,2005,402,3,0,0,Debit
71,4/3/2006,1132,2083,404,2,614.53,7.5,Credit
72,10/26/2020,1046,2074,404,3,659.5,0,Cash
73,8/11/2012,1023,2060,403,3,1225.14,10,Credit
74,12/28/2001,1085,2041,401,1,1447.58,20,Unknown
75,5/17/2018,1084,2052,404,2,2925.04,5,Credit
76,7/2/2004,1169,2051,401,3,117.32,15,Credit
77,2/14/2022,1022,2040,403,2,55.26,8.5,Debit-Card
79,11/5/2009,1168,2069,404,3,232.39,5,Digital Wallet
80,4/20/2013,1013,2024,403,3,372.81,7.5,Credit
81,3/12/2024,1160,2056,401,1,472.25,25,Credit
82,1/27/2007,1068,2070,402,2,109.38,15,Debit
83,12/4/2016,1112,2089,404,0,2067.6,0,Credit Card
84,8/9/2002,1007,2080,402,1,1498.07,15,Cash
85,5/31/2021,1079,2070,401,3,34.18,5,Digital Wallet
86,2/16/2010,1023,2028,401,3,2551.76,10,Digital Wallet
87,8/7/2019,1030,2082,402,3,799.8,7.5,Credit
88,6/18/2005,1183,2037,403,3,2160.84,0,Debit
89,10/13/2014,1123,2060,402,3,2450.28,3,Cash
90,3/26/2008,1141,2018,404,1,2440.17,100,Unknown
91,1/9/2023,1153,2065,402,0,470.34,0,Cash
92,12/21/2011,1070,2098,404,2,0,0,Credit
93,4/8/2003,1129,2034,401,2,108.94,20,Cash
94,7/15/2017,1185,2038,404,1,1667.72,3,Credit
95,4/28/2020,1114,2068,404,2,656.19,15,Debit-Card
96,9/2/2012,1085,2070,404,3,0,15,Cash
97,11/25/2006,1082,2024,402,3,372.81,15,Unknown
98,10/19/2018,1059,2099,404,0,1292.64,0,Credit
99,5/12/2001,1081,2095,404,3,490.79,3,Digital Wallet
100,2/6/2015,1098,2084,402,3,0,0,Unknown
101,8/14/2013,1009,2016,403,0,969.06,3,Credit
102,11/27/2004,1112,2012,404,0,1869.57,12.5,Credit
103,6/9/2021,1184,2018,404,1,488.03,15,Debit
104,3/18/2009,1019,2060,403,2,0,5,Debit
105,12/3/2017,1159,2088,404,0,0,5,Credit
106,7/22/2002,1084,2086,404,2,2861.12,5,Credit
107,4/11/2023,1160,2091,404,0,905.79,15,Credit
108,10/5/2010,1158,2008,402,2,159.82,5,Debit
109,1/29/2018,1058,2095,401,3,2453.95,12.5,Credit Card
110,12/16/2005,1025,2097,401,3,842.1,10,Credit Card
111,5/24/2014,1042,2088,403,0,709.35,25,Credit
112,9/7/2020,1011,2041,401,2,0,3,Digital Wallet
113,2/28/2007,1091,2047,404,1,0,15,Credit Card
114,7/12/2019,1062,2067,404,1,0,7.5,Unknown
115,8/19/2003,1043,2022,401,3,2684.72,100,Debit
116,11/25/2022,1158,2087,402,3,477.96,10,Debit-Card
117,4/8/2011,1149,2018,402,3,1626.78,0,Cash
118,9/21/2016,1163,2032,404,2,756.48,0,Credit
119,6/14/2008,1170,2001,404,2,659.76,0,Debit
120,2/3/2024,1173,2069,402,0,464.78,10,Credit
121,10/17/2015,1113,2044,403,3,0,5,Credit
122,3/30/2001,1176,2032,404,2,756.48,15,Debit
123,12/11/2012,1050,2049,404,0,2819.52,10,Unknown
124,8/26/2021,1060,2048,403,2,1144.42,25,Debit
125,5/7/2006,1179,2037,401,3,1440.56,10,Cash
126,1/20/2017,1070,2001,401,3,0,10,Cash
127,9/13/2004,1073,2099,402,2,0,10,Digital Wallet
128,11/4/2019,1056,2081,402,2,0,20,Digital Wallet
129,7/29/2010,1173,2096,402,0,672.18,0,Debit
130,6/16/2023,1160,2082,401,2,426.56,0,Cash
131,4/2/2002,1112,2004,403,1,1669.05,0,Credit
132,3/25/2018,1023,2037,403,3,2160.84,0,Credit
133,12/8/2009,1044,2025,402,2,223.7,7.5,Credit
134,8/31/2014,1135,2064,403,1,793.91,5,Debit
135,5/22/2007,1065,2061,403,2,639.74,0,Credit
136,12/15/2020,1029,2059,401,1,921.69,15,Credit
137,9/6/2011,1193,2028,404,2,1531.06,8.5,Cash
138,2/19/2016,1023,2050,401,2,298.85,0,Credit
139,10/24/2003,1137,2015,404,2,539.98,0,Cash
140,5/7/2022,1172,2095,403,3,2453.95,0,Digital Wallet
141,1/12/2008,1163,2047,401,1,301.48,5,Cash
142,6/25/2013,1120,2003,403,1,1039.99,5,Unknown
143,4/18/2017,1165,2008,404,2,53.27,20,Credit
144,3/1/2005,1166,2052,401,1,658.13,0,Digital Wallet
146,11/14/2000,1029,2012,402,1,0,3,Unknown
147,8/7/2019,1099,2058,403,3,666.75,10,Credit
148,2/28/2010,1150,2095,402,3,490.79,10,Cash
149,7/11/2024,1167,2012,404,3,0,12.5,Credit
150,12/4/2006,1071,2004,403,1,834.52,5,Credit Card
151,5/17/2015,1113,2056,402,2,839.55,15,Credit Card
152,8/26/2001,1025,2087,403,2,0,100,Debit
153,3/9/2012,1015,2050,403,1,504.31,0,Cash
154,9/22/2023,1031,2058,401,1,2400.3,0,Cash
155,7/15/2007,1164,2081,401,0,2984.88,15,Digital Wallet
156,4/28/2018,1085,2031,402,1,508.77,3,Debit-Card
157,6/11/2004,1017,2097,402,1,757.89,0,Cash
158,1/24/2011,1059,2042,402,0,0,15,Cash
159,10/7/2016,1070,2018,402,2,0,7.5,Unknown
160,8/30/2009,1044,2014,401,1,886.68,0,Debit-Card
161,3/13/2020,1003,2045,402,2,499.42,15,Cash
162,12/6/2002,1004,2022,403,0,671.18,100,Cash
163,11/19/2014,1032,2094,404,0,493.35,15,Cash
164,6/2/2017,1190,2008,404,3,266.36,10,Credit
165,10/25/2005,1199,2046,401,3,167.15,15,Debit
166,1/8/2021,1128,2028,401,2,2041.41,20,Credit
167,4/21/2008,1117,2082,401,0,799.8,0,Credit
168,9/14/2013,1122,2051,404,0,234.64,0,Digital Wallet
169,12/27/2019,1125,2091,404,0,1811.58,7.5,Digital Wallet
170,2/3/2006,1020,2041,402,0,0,20,Digital Wallet
172,5/29/2010,1152,2067,403,3,872.85,10,Cash
173,7/12/2003,1129,2077,404,0,2809.15,15,Credit
174,7/5/2018,1179,2014,402,3,738.9,15,Credit
175,11/28/2007,1115,2029,404,2,0,10,Credit
176,2/11/2015,1116,2051,404,0,351.96,5,Credit
178,9/17/2001,1095,2019,404,0,933.93,10,Credit
179,4/30/2012,1023,2010,401,3,0,25,Debit
181,1/6/2009,1142,2007,403,0,583.39,15,Cash
182,8/19/2016,1105,2045,404,0,624.28,5,Debit-Card
183,3/2/2004,1073,2076,403,2,1934.57,0,Digital Wallet
184,10/15/2011,1026,2073,402,1,1797.95,0,Cash
185,5/8/2017,1168,2061,402,0,599.76,7.5,Unknown
186,12/21/2008,1089,2071,403,0,0,15,Digital Wallet
187,3/4/2021,1195,2035,402,3,0,5,Cash
188,6/17/2014,1143,2098,401,2,2178.86,3,Cash
189,5/10/2002,1007,2023,403,2,751.63,3,Digital Wallet
190,9/23/2019,1086,2044,401,1,373.64,0,Cash
191,7/16/2006,1036,2072,404,0,1260.9,10,Credit
192,2/27/2013,1036,2094,401,0,2466.75,100,Debit-Card
193,11/10/2020,1191,2067,402,3,872.85,0,Cash
194,4/3/2005,1107,2058,403,1,1800.22,0,Cash
195,8/26/2018,1094,2039,403,0,1952.88,10,Digital Wallet
196,1/9/2007,1013,2019,402,0,0,20,Digital Wallet
197,12/22/2022,1172,2010,403,3,0,15,Credit
198,6/15/2010,1169,2054,404,3,900.51,8.5,Cash
199,11/28/2015,1106,2034,402,0,136.17,0,Credit
200,8/1/2003,1088,2055,401,2,129.46,25,Debit-Card
201,3/14/2017,1173,2086,404,2,715.28,12.5,Debit
202,10/27/2009,1011,2028,404,0,0,0,Credit
203,5/10/2023,1001,2026,403,1,190.4,0,Debit-Card
204,12/23/2014,1196,2017,403,2,370.96,0,Debit
205,9/6/2006,1083,2015,401,3,0,15,Debit
206,2/19/2020,1191,2055,402,1,48.55,0,Credit
207,7/2/2011,1097,2068,402,2,1312.38,0,Credit Card
208,11/15/2018,1018,2050,401,3,0,100,Credit
209,4/28/2004,1004,2058,401,2,1066.8,0,Cash
210,8/1/2021,1147,2054,404,3,2701.53,0,Digital Wallet
211,1/14/2008,1074,2014,404,0,738.9,0,Digital Wallet
212,6/27/2015,1083,2021,404,2,668.33,5,Credit
213,11/20/2002,1022,2055,401,1,97.09,0,Credit Card
214,4/3/2019,1111,2075,404,0,1561.28,20,Credit
215,8/16/2012,1101,2039,403,1,2636.39,0,Debit
216,5/29/2007,1085,2099,402,0,646.32,8.5,Digital Wallet
217,10/12/2022,1130,2081,401,1,1343.2,0,Credit
218,3/25/2010,1198,2044,403,1,186.82,25,Credit Card
219,7/8/2016,1060,2013,402,2,0,25,Cash
220,12/31/2003,1050,2022,402,0,671.18,12.5,Cash
221,1/24/2024,1045,2098,404,3,907.86,8.5,Cash
222,9/17/2017,1193,2072,404,2,1681.2,15,Cash
223,6/10/2005,1160,2040,402,3,138.16,0,Debit
224,4/3/2013,1017,2060,404,2,0,10,Credit
225,5/26/2020,1070,2075,401,2,624.51,15,Debit
226,10/9/2008,1129,2009,403,3,198.93,5,Unknown
227,2/12/2019,1115,2004,401,2,2225.4,0,Debit
228,11/25/2011,1073,2009,401,3,66.31,8.5,Debit
229,7/18/2014,1118,2074,401,3,659.5,20,Cash
230,2/21/2006,1146,2083,402,2,614.53,12.5,Credit
231,12/4/2021,1154,2060,402,0,408.38,15,Digital Wallet
232,7/27/2009,1115,2013,403,0,2806.08,15,Credit
233,5/10/2018,1129,2082,402,0,1066.4,0,Cash
234,12/23/2012,1063,2090,404,3,71.64,10,Credit
235,8/6/2004,1134,2066,402,2,1238.54,5,Cash
236,3/19/2023,1095,2036,404,3,653.94,10,Credit
237,9/2/2010,1198,2043,401,2,1397.52,25,Credit
238,1/15/2015,1016,2042,401,3,0,15,Credit
239,4/28/2007,1072,2032,402,2,1512.96,15,Cash
240,10/11/2020,1020,2074,402,2,527.6,7.5,Debit-Card
241,6/24/2013,1079,2083,404,1,691.34,15,Cash
242,11/7/2008,1152,2090,401,2,57.31,3,Cash
243,7/20/2019,1143,2048,403,1,0,15,Debit
244,2/13/2011,1171,2089,401,3,1654.08,10,Digital Wallet
245,8/26/2016,1130,2046,401,2,106.98,0,Unknown
246,3/11/2005,1079,2023,402,2,3006.53,5,Unknown
247,4/4/2022,1196,2062,402,1,1114.85,0,Unknown
248,10/17/2014,1035,2019,401,2,0,100,Digital Wallet
249,12/30/2009,1025,2064,401,2,705.7,12.5,Digital Wallet
250,11/13/2017,1196,2079,402,3,2851.62,10,Digital Wallet
251,5/26/2006,1039,2020,402,1,338.25,25,Digital Wallet
252,1/9/2021,1184,2056,401,3,1574.16,25,Debit-Card
254,2/5/2018,1156,2036,404,1,392.36,10,Cash
255,8/18/2007,1136,2030,403,3,509.91,100,Credit
256,9/1/2023,1049,2047,404,3,1674.9,100,Credit Card
257,4/14/2010,1196,2036,404,3,0,20,Cash
258,11/27/2015,1041,2025,402,2,671.09,8.5,Debit-Card
259,12/10/2008,1013,2082,404,2,1066.4,0,Debit
260,6/23/2020,1141,2013,401,2,748.29,10,Credit
261,3/6/2013,1021,2097,402,2,673.68,5,Cash
262,10/19/2009,1115,2065,402,3,1881.36,12.5,Digital Wallet
263,12/2/2016,1023,2028,404,2,510.35,20,Credit Card
264,7/15/2004,1006,2053,401,3,610.15,25,Debit
265,3/28/2021,1128,2047,402,3,1004.94,100,Debit-Card
266,5/11/2011,1020,2047,402,0,669.96,10,Credit Card
267,8/24/2018,1081,2012,403,1,1682.61,25,Debit
268,1/7/2006,1035,2004,403,3,927.25,20,Credit Card
269,11/20/2022,1178,2017,404,3,1854.8,20,Debit
270,4/3/2014,1157,2000,401,0,1938.62,0,Debit
271,9/16/2009,1065,2027,402,3,775.83,10,Cash
273,2/12/2012,1077,2015,401,1,1822.42,7.5,Credit Card
274,12/15/2023,1107,2081,404,0,2238.66,20,Digital Wallet
275,11/8/2007,1028,2063,401,1,994.43,0,Credit
276,4/21/2020,1183,2018,403,3,2711.3,10,Credit
277,7/4/2015,1000,2078,403,1,0,100,Credit Card
278,6/17/2008,1146,2053,402,0,1220.3,0,Credit
279,1/30/2019,1134,2046,401,0,33.43,20,Debit
280,10/13/2013,1099,2060,401,3,1633.52,20,Credit
281,12/26/2005,1095,2032,401,2,1512.96,100,Digital Wallet
282,9/8/2021,1017,2044,402,0,207.58,10,Debit
283,2/1/2010,1197,2074,403,1,593.55,3,Debit
284,5/14/2016,1011,2045,403,1,842.78,8.5,Credit
285,9/27/2003,1199,2087,404,3,159.32,100,Debit-Card
286,12/10/2018,1161,2023,402,0,939.54,7.5,Cash
287,8/23/2011,1183,2099,404,0,1292.64,5,Credit
288,7/6/2022,1075,2025,401,1,0,100,Debit
289,3/19/2009,1010,2040,403,3,138.16,100,Cash
290,11/2/2014,1139,2060,403,0,1225.14,8.5,Credit
291,10/25/2006,1192,2082,402,2,213.28,3,Digital Wallet
292,1/18/2020,1091,2099,401,2,1034.11,5,Credit
293,4/11/2017,1069,2015,403,3,2699.88,5,Credit
294,9/24/2012,1102,2095,404,3,1472.37,100,Debit
296,8/30/2023,1094,2066,403,0,1032.12,100,Debit-Card
297,12/13/2010,1186,2054,401,3,0,0,Credit
298,6/26/2015,1154,2023,403,2,751.63,5,Digital Wallet
299,2/8/2007,1026,2010,403,2,62.27,20,Cash
300,10/1/2019,1078,2057,404,1,393.28,0,Debit-Card
301,7/14/2013,1176,2056,403,3,524.72,25,Cash
302,2/27/2021,1010,2093,403,3,0,25,Credit Card
303,8/20/2008,1070,2081,401,0,1492.44,10,Debit
304,1/3/2016,1171,2081,404,2,596.98,0,Debit
305,11/16/2009,1131,2095,402,0,1472.37,5,Credit Card
306,4/9/2022,1036,2077,404,0,1123.66,0,Digital Wallet
307,5/22/2014,1032,2008,402,2,106.54,25,Credit
308,12/5/2007,1092,2049,401,1,0,20,Debit
309,9/18/2020,1173,2057,403,2,349.58,3,Credit
310,4/1/2011,1113,2097,401,1,757.89,15,Debit
311,6/24/2018,1135,2046,404,2,80.23,25,Credit
312,10/7/2005,1166,2035,402,0,899.99,7.5,Cash
313,1/30/2023,1006,2094,402,3,1480.05,15,Credit
314,7/12/2010,1132,2049,401,2,1503.74,8.5,Credit
315,2/15/2017,1198,2033,404,1,2257.88,5,Digital Wallet
316,8/28/2012,1156,2036,404,1,784.73,12.5,Cash
317,3/21/2006,1031,2017,401,3,0,0,Debit
318,11/4/2021,1044,2091,404,0,1811.58,25,Cash
319,9/17/2015,1174,2040,403,0,34.54,10,Unknown
320,4/10/2008,1140,2069,403,2,557.74,0,Credit
321,12/23/2019,1040,2091,402,2,724.63,15,Credit
322,1/6/2013,1130,2028,401,1,574.15,5,Debit
323,6/19/2020,1035,2030,404,0,339.94,10,Debit
324,9/2/2011,1092,2070,403,3,102.54,20,Credit Card
325,4/15/2016,1141,2016,401,0,0,100,Digital Wallet
326,2/28/2009,1079,2050,404,3,186.78,3,Debit
327,7/12/2022,1196,2052,401,1,2632.54,12.5,Debit
328,10/25/2014,1081,2082,401,3,1066.4,100,Credit Card
329,5/8/2007,1119,2087,403,1,0,5,Credit Card
330,3/21/2021,1199,2070,402,1,30.76,0,Debit
331,12/14/2012,1110,2064,401,0,0,5,Credit
332,7/27/2018,1132,2019,403,1,1681.07,0,Credit
333,11/9/2006,1041,2041,402,2,643.37,7.5,Cash
334,4/2/2023,1132,2036,401,2,348.77,12.5,Cash
335,8/16/2010,1050,2081,403,1,2686.39,25,Cash
336,3/29/2015,1160,2038,401,1,0,5,Unknown
337,6/12/2009,1151,2074,402,1,1187.1,0,Digital Wallet
338,10/5/2020,1168,2079,403,0,1901.08,15,Digital Wallet
339,11/18/2013,1007,2010,401,2,62.27,8.5,Debit
340,8/1/2017,1166,2026,404,0,0,0,Digital Wallet
341,1/24/2008,1127,2080,403,2,1997.42,3,Digital Wallet
342,5/17/2022,1123,2031,404,2,1356.72,0,Cash
343,10/30/2011,1116,2009,401,1,119.36,5,Digital Wallet
344,12/13/2016,1112,2053,404,3,0,15,Cash
345,7/26/2007,1052,2043,402,2,698.76,3,Credit
346,1/9/2021,1183,2040,403,3,103.62,5,Credit
348,9/5/2009,1081,2030,404,0,339.94,100,Digital Wallet
349,2/18/2020,1068,2057,402,1,1179.85,10,Credit
350,6/1/2012,1024,2006,403,3,594,3,Cash
351,9/14/2018,1157,2053,402,1,1098.27,10,Debit
352,4/27/2006,1083,2073,403,1,2247.44,3,Credit
353,7/10/2023,1195,2020,404,3,1879.15,5,Credit
354,11/23/2010,1127,2039,404,0,1952.88,7.5,Cash
355,8/6/2015,1023,2050,404,1,0,25,Cash
356,12/19/2008,1055,2074,403,0,1978.5,25,Unknown
357,4/12/2021,1012,2036,404,3,653.94,25,Digital Wallet
358,2/25/2013,1073,2068,401,0,2460.72,25,Credit
359,5/8/2017,1110,2017,403,2,370.96,0,Digital Wallet
360,10/31/2009,1195,2051,403,0,117.32,12.5,Cash
361,8/24/2022,1102,2006,402,2,792,5,Debit
362,3/7/2011,1141,2036,401,3,871.92,3,Debit
363,10/20/2016,1129,2057,403,0,1747.92,0,Cash
364,8/3/2007,1032,2012,404,2,997.1,3,Cash
365,11/16/2020,1086,2071,403,1,553.64,12.5,Credit
366,7/29/2014,1050,2077,404,0,561.83,7.5,Debit-Card
367,5/12/2008,1011,2004,402,2,0,8.5,Debit
368,2/28/2023,1121,2066,404,1,0,5,Credit
369,1/11/2012,1155,2065,402,2,1128.82,5,Credit Card
370,12/4/2017,1156,2040,402,3,138.16,10,Cash
371,6/17/2010,1157,2094,403,2,1578.72,15,Credit
372,7/30/2021,1129,2065,404,2,752.54,12.5,Credit
373,4/13/2015,1121,2002,403,2,2771.2,3,Cash
374,1/26/2009,1172,2014,404,2,197.04,10,Cash
375,10/9/2022,1185,2088,401,3,2128.05,25,Credit
376,8/22/2013,1067,2083,402,0,0,8.5,Digital Wallet
377,3/5/2018,1149,2061,402,3,1199.52,15,Cash
378,12/18/2006,1037,2087,402,0,318.64,10,Debit
379,5/1/2020,1146,2089,401,1,744.34,25,Credit
380,11/14/2011,1004,2056,403,3,2098.88,3,Unknown
381,6/27/2016,1038,2052,402,3,2193.78,8.5,Credit
383,9/12/2023,1180,2017,402,2,741.92,15,Credit
384,1/25/2014,1169,2061,404,2,319.87,15,Debit-Card
385,4/8/2009,1044,2058,403,2,1066.8,0,Unknown
387,7/4/2012,1049,2031,403,2,1356.72,8.5,Credit Card
388,10/17/2017,1057,2038,403,1,2501.58,0,Credit
389,3/30/2010,1176,2090,404,2,343.87,7.5,Credit
390,6/13/2022,1122,2044,403,2,166.06,5,Debit-Card
391,11/26/2015,1031,2073,404,3,1498.29,0,Cash
392,8/19/2008,1088,2098,402,2,726.29,0,Debit
393,3/4/2020,1010,2036,401,2,348.77,8.5,Credit
394,5/17/2013,1113,2083,403,3,3072.64,15,Credit Card
395,12/30/2018,1054,2025,403,2,671.09,3,Credit
396,2/11/2011,1035,2013,402,1,1683.65,15,Credit Card
397,9/24/2016,1012,2085,402,1,217.94,15,Debit-Card
398,7/7/2009,1013,2012,404,2,1994.21,5,Credit
399,4/20/2023,1183,2060,401,1,367.54,0,Cash
400,12/3/2014,1001,2070,402,3,102.54,0,Cash
401,10/16/2010,1167,2060,404,1,735.08,15,Credit
402,5/29/2021,1193,2036,403,2,348.77,7.5,Credit
403,3/12/2012,1165,2007,401,1,0,7.5,Debit
404,8/25/2017,1136,2094,401,1,1776.06,15,Debit
405,11/28/2008,1106,2022,401,3,671.18,8.5,Cash
406,1/11/2022,1126,2023,403,0,0,20,Debit
407,6/4/2015,1002,2038,401,2,1482.42,5,Debit
408,4/27/2010,1072,2058,404,1,1200.15,0,Cash
409,10/14/2023,1129,2059,403,1,1382.54,3,Unknown
410,9/7/2013,1028,2042,402,3,502.83,15,Credit
411,4/20/2018,1165,2032,402,0,0,12.5,Credit
412,7/23/2011,1188,2043,403,1,1572.21,12.5,Cash
413,2/6/2016,1044,2078,404,3,426.03,10,Credit
414,12/19/2009,1131,2041,401,3,3216.84,15,Credit
415,7/2/2020,1171,2012,402,1,1121.74,5,Digital Wallet
416,3/15/2014,1122,2041,402,0,1608.42,0,Cash
417,8/8/2011,1066,2049,402,3,0,100,Debit
418,11/21/2022,1192,2034,403,2,326.81,100,Debit
419,10/4/2015,1149,2092,401,2,1157.3,0,Cash
420,6/11/2008,1167,2046,402,0,133.72,0,Debit-Card
421,2/14/2021,1170,2015,404,2,0,7.5,Credit
422,11/27/2013,1040,2051,403,0,469.28,20,Digital Wallet
423,1/10/2017,1163,2037,403,1,0,20,Cash
424,5/24/2010,1056,2017,404,1,834.66,5,Credit Card
425,8/7/2023,1116,2095,403,3,490.79,5,Cash
426,7/30/2014,1179,2070,404,1,61.52,0,Cash
427,3/13/2009,1195,2031,401,3,1695.9,0,Debit-Card
428,12/26/2020,1135,2090,403,0,0,100,Credit
429,10/9/2012,1144,2014,401,1,443.34,0,Cash
430,5/22/2018,1146,2068,402,1,2952.86,5,Debit-Card
431,1/5/2011,1083,2066,404,0,516.06,20,Unknown
432,4/18/2022,1174,2026,404,0,423.12,8.5,Credit
433,9/1/2015,1130,2057,401,3,1747.92,8.5,Credit
434,7/14/2008,1033,2065,404,3,0,8.5,Debit
435,10/7/2021,1144,2007,404,2,933.42,15,Debit
436,4/20/2013,1185,2002,404,2,692.8,8.5,Credit
437,11/3/2016,1000,2095,402,0,0,0,Debit
438,8/16/2009,1011,2054,403,0,900.51,12.5,Credit
439,1/29/2023,1138,2007,401,3,2333.56,8.5,Cash
440,2/22/2012,1008,2036,404,1,196.18,25,Credit
441,6/15/2017,1196,2017,404,2,741.92,0,Credit
442,9/28/2010,1097,2057,404,3,436.98,8.5,Debit
443,8/11/2020,1020,2087,402,2,637.28,20,Cash
444,12/24/2014,1030,2022,404,1,604.06,5,Credit
445,4/7/2011,1186,2028,401,0,2551.76,25,Unknown
446,10/10/2018,1076,2059,404,3,1536.15,0,Debit
447,7/23/2013,1058,2031,404,2,0,100,Unknown
448,11/16/2021,1039,2035,402,0,899.99,8.5,Credit
449,2/9/2015,1008,2084,404,0,845.55,5,Digital Wallet
450,3/2/2008,1061,2026,401,0,423.12,10,Debit
451,6/25/2022,1152,2004,404,0,2781.75,25,Cash
452,12/18/2010,1062,2094,401,3,1973.4,8.5,Credit
453,3/11/2016,1112,2029,402,0,13.51,15,Debit
454,5/4/2009,1035,2064,403,1,0,5,Debit
455,12/7/2023,1187,2073,403,2,399.54,15,Cash
456,8/20/2012,1060,2038,402,1,3335.44,12.5,Digital Wallet
457,11/13/2017,1105,2038,403,0,1853.02,20,Digital Wallet
459,4/19/2020,1142,2063,401,2,1325.9,7.5,Debit
460,9/2/2014,1164,2085,404,2,387.44,5,Credit
461,10/15/2008,1178,2053,404,1,1647.4,12.5,Cash
462,7/28/2021,1076,2048,402,3,1072.89,5,Digital Wallet
463,12/11/2013,1061,2028,403,1,1148.29,25,Credit Card
464,6/4/2018,1118,2007,404,3,1750.17,25,Digital Wallet
465,1/27/2010,1142,2067,402,3,1163.8,0,Credit Card
466,9/10/2022,1062,2032,402,2,756.48,0,Credit
467,5/23/2015,1165,2010,404,2,124.54,25,Cash
468,2/14/2009,1023,2068,402,0,2460.72,7.5,Credit
469,10/27/2020,1068,2048,401,0,715.26,15,Unknown
470,11/30/2012,1048,2097,402,3,0,10,Digital Wallet
471,4/13/2017,1053,2042,403,0,167.61,20,Cash
472,9/26/2011,1054,2024,401,3,372.81,15,Credit
473,3/16/2023,1062,2089,402,3,1240.56,100,Credit
474,8/9/2014,1061,2070,403,2,27.34,7.5,Cash
475,12/22/2008,1097,2059,403,2,0,20,Credit
476,6/5/2021,1066,2046,404,3,200.58,5,Credit Card
477,1/18/2013,1025,2092,404,2,771.54,25,Credit Card
478,10/1/2016,1052,2047,403,3,334.98,5,Debit-Card
479,7/14/2010,1011,2072,402,1,756.54,0,Credit
480,2/7/2022,1004,2033,404,2,0,12.5,Credit Card
481,12/20/2015,1039,2025,403,1,503.32,15,Debit
482,4/3/2009,1097,2072,402,3,420.3,0,Debit
483,1/26/2020,1140,2083,403,2,1843.58,5,Digital Wallet
484,5/19/2012,1195,2062,404,3,3096.8,12.5,Cash
485,9/2/2017,1043,2093,403,1,1360.69,0,Credit Card
486,2/25/2011,1035,2092,404,1,0,25,Digital Wallet
487,11/8/2023,1138,2082,401,0,533.2,25,Credit
488,6/21/2014,1019,2085,401,0,484.3,3,Cash
489,3/16/2008,1105,2017,402,0,1391.1,0,Credit
491,10/7/2013,1129,2058,403,0,1333.5,0,Credit
492,1/20/2018,1158,2081,404,3,2984.88,100,Credit
493,11/3/2010,1004,2000,404,0,2907.93,10,Digital Wallet
494,7/26/2016,1004,2067,403,2,465.52,7.5,Cash
495,8/9/2009,1004,2064,404,1,1323.18,0,Unknown
496,12/12/2022,1027,2012,402,1,1121.74,20,Credit
498,12/28/2011,1068,2050,401,2,0,0,Credit Card
499,5/17/2020,1103,2058,402,1,600.08,20,Debit-Card
500,2/10/2014,1076,2087,401,0,159.32,10,Cash
501,9/14/2016,1023,2051,404,3,351.96,12.5,Debit-Card
502,3/27/2011,1141,2060,401,0,408.38,8.5,Debit
503,7/30/2022,1179,2021,401,3,835.41,0,Debit
504,12/4/2013,1111,2082,403,0,0,12.5,Credit
505,4/17/2018,1135,2005,402,1,1157.71,12.5,Debit
506,10/20/2010,1177,2072,404,2,1008.72,5,Digital Wallet
507,1/13/2021,1011,2009,403,0,0,0,Credit Card
508,6/8/2015,1045,2040,401,1,31.09,5,Credit
509,7/1/2009,1150,2018,404,0,1084.52,5,Credit
510,2/24/2023,1076,2020,402,3,2254.98,12.5,Credit
511,5/12/2012,1173,2069,403,3,232.39,7.5,Cash
512,10/5/2017,1193,2094,402,0,1480.05,25,Digital Wallet
513,8/18/2011,1128,2095,403,0,0,0,Cash
514,3/29/2020,1025,2055,402,0,107.88,0,Debit-Card
515,11/11/2014,1087,2077,404,2,449.46,8.5,Credit
516,4/24/2008,1007,2081,403,3,746.22,100,Cash
517,8/16/2022,1125,2029,403,3,40.53,25,Unknown
518,1/29/2013,1110,2023,404,0,1879.08,7.5,Cash
519,6/22/2018,1197,2079,403,1,855.49,10,Cash
520,12/15/2010,1182,2009,401,2,53.05,8.5,Debit-Card
521,4/8/2021,1039,2048,402,3,357.63,10,Credit
522,9/21/2015,1081,2046,401,0,33.43,25,Unknown
523,2/14/2009,1001,2039,404,2,2343.46,100,Digital Wallet
524,10/27/2023,1194,2034,401,1,245.11,15,Credit
526,3/3/2017,1142,2071,404,0,615.16,0,Credit
527,10/26/2011,1006,2011,403,0,1229.22,10,Credit
528,6/19/2020,1152,2076,403,3,2418.21,5,Cash
529,4/2/2014,1003,2037,404,3,1440.56,12.5,Credit
530,9/25/2008,1199,2010,402,1,210.17,7.5,Credit
531,1/7/2022,1175,2048,402,1,965.6,12.5,Cash
532,8/20/2013,1068,2038,403,3,0,0,Debit
533,11/13/2018,1037,2008,402,3,266.36,3,Credit
534,5/6/2010,1070,2053,403,3,1830.45,7.5,Cash
535,9/28/2021,1005,2009,403,2,53.05,10,Credit Card
536,12/11/2015,1063,2092,404,1,867.98,8.5,Debit-Card
537,3/24/2009,1117,2013,402,2,2244.86,5,Unknown
538,5/17/2023,1001,2050,403,3,0,0,Credit
539,10/8/2012,1084,2056,403,3,1574.16,0,Credit
540,5/1/2017,1166,2076,402,2,0,7.5,Cash
541,1/21/2011,1082,2077,402,3,0,0,Credit
542,8/14/2020,1080,2022,404,2,1073.89,8.5,Debit-Card
543,7/7/2014,1074,2094,404,1,444.02,20,Digital Wallet
544,12/30/2008,1083,2048,403,3,0,25,Cash
545,3/23/2022,1093,2014,402,1,221.67,0,Credit
546,6/16/2013,1174,2098,401,3,2723.58,15,Cash
547,2/9/2018,1181,2026,404,2,507.74,100,Credit
548,7/3/2010,1177,2008,404,3,332.95,0,Debit
549,11/26/2021,1035,2081,403,1,1343.2,10,Debit
550,4/19/2015,1064,2084,402,3,845.55,12.5,Digital Wallet
551,10/12/2009,1096,2009,404,3,198.93,15,Debit-Card
552,12/9/2023,1149,2051,404,0,0,5,Credit
553,3/5/2012,1092,2089,401,0,827.04,12.5,Digital Wallet
554,8/28/2017,1196,2031,403,1,1526.31,8.5,Credit Card
555,4/11/2011,1165,2078,401,3,142.01,100,Digital Wallet
556,2/2/2020,1192,2042,404,0,1005.66,8.5,Unknown
557,9/25/2014,1002,2012,403,1,560.87,10,Cash
558,5/18/2008,1130,2095,402,3,1963.16,3,Credit Card
559,10/31/2022,1095,2050,404,1,168.1,12.5,Credit
560,11/14/2013,1088,2003,404,0,385.18,15,Credit
561,7/27/2018,1075,2053,401,0,1830.45,5,Credit
562,8/10/2010,1186,2018,403,2,1301.42,10,Credit
563,5/3/2021,1087,2058,402,3,2667,0,Debit-Card
564,1/16/2015,1089,2060,401,3,408.38,100,Credit
565,6/29/2009,1184,2089,404,2,1984.9,20,Credit
566,3/12/2023,1017,2038,401,0,0,20,Debit
567,12/25/2012,1005,2043,401,1,786.1,0,Unknown
568,9/18/2017,1189,2031,402,1,2035.08,5,Cash
569,7/1/2011,1084,2071,404,3,0,0,Cash
570,4/5/2020,1059,2051,402,1,527.94,0,Debit
571,10/28/2014,1163,2084,404,3,845.55,5,Digital Wallet
572,11/11/2008,1007,2094,402,3,493.35,3,Credit
573,6/14/2022,1151,2054,404,0,0,100,Digital Wallet
574,4/7/2013,1180,2027,402,2,0,0,Debit
575,12/20/2018,1192,2090,401,0,286.56,10,Credit
576,9/13/2010,1137,2023,403,2,1503.26,7.5,Credit
577,7/6/2021,1050,2058,401,2,1066.8,0,Unknown
578,2/19/2015,1171,2062,403,3,619.36,25,Debit
579,3/2/2009,1156,2050,401,2,0,20,Debit
580,8/23/2023,1090,2058,402,2,1066.8,0,Digital Wallet
581,5/15/2012,1157,2075,401,1,702.58,7.5,Unknown
582,10/8/2017,1080,2015,402,2,1619.93,10,Debit
583,11/30/2011,1029,2023,403,1,0,15,Credit
584,1/24/2020,1130,2049,404,1,845.86,0,Credit
585,6/17/2014,1147,2049,404,1,845.86,25,Credit
586,8/2/2008,1124,2081,402,1,2686.39,8.5,Digital Wallet
587,11/15/2022,1125,2036,402,1,588.55,0,Credit
588,7/28/2013,1080,2057,401,2,699.17,25,Credit
589,3/11/2018,1002,2062,402,1,1114.85,3,Digital Wallet
590,4/4/2010,1098,2071,404,3,1845.48,8.5,Credit
591,9/17/2021,1175,2062,404,3,1858.08,0,Credit
592,12/30/2015,1125,2021,401,0,1670.82,8.5,Debit
593,5/23/2009,1194,2028,403,0,637.94,20,Credit
594,4/16/2023,1070,2028,403,1,0,0,Credit
595,10/1/2012,1199,2058,404,0,2667,10,Debit-Card
596,5/14/2017,1146,2014,403,2,0,3,Digital Wallet
597,2/6/2011,1138,2096,401,3,2688.72,0,Unknown
598,6/28/2020,1139,2027,404,0,258.61,20,Credit
599,1/11/2014,1188,2083,402,2,1229.06,3,Digital Wallet
600,8/24/2018,1008,2057,403,2,699.17,0,Cash
601,5/7/2011,1022,2056,401,1,2361.24,20,Credit Card
602,12/20/2022,1053,2094,403,3,493.35,25,Digital Wallet
603,3/14/2015,1042,2078,402,1,127.81,0,Credit
604,8/26/2009,1052,2007,403,2,2333.56,0,Debit-Card
605,7/11/2020,1152,2068,402,2,656.19,10,Cash
606,12/29/2013,1180,2037,403,2,288.11,20,Debit
607,9/22/2018,1131,2086,401,1,2414.07,0,Digital Wallet
608,10/15/2010,1192,2052,401,2,0,3,Credit Card
609,2/8/2021,1167,2016,402,1,290.72,10,Digital Wallet
610,5/1/2014,1037,2091,403,1,0,7.5,Digital Wallet
611,11/24/2008,1194,2086,404,3,0,15,Credit Card
612,6/7/2023,1036,2073,403,3,1997.72,15,Credit
613,1/17/2012,1096,2057,401,0,1310.94,5,Cash
614,4/10/2017,1103,2065,403,2,376.27,10,Credit
615,6/23/2011,1116,2062,403,0,1238.72,7.5,Cash
616,9/6/2020,1198,2093,401,3,0,10,Credit
617,8/19/2015,1162,2085,403,0,0,0,Debit
618,3/12/2009,1136,2050,402,3,933.9,5,Debit
619,4/25/2022,1054,2063,403,2,441.97,5,Credit
621,10/31/2018,1087,2087,401,0,637.28,0,Digital Wallet
622,12/4/2010,1025,2080,404,0,3329.04,5,Debit
623,5/27/2021,1031,2020,404,3,1127.49,0,Credit
624,2/18/2014,1000,2054,402,1,1620.92,3,Credit
625,6/21/2008,1166,2038,402,2,2223.62,5,Cash
626,9/12/2023,1023,2083,403,2,1229.06,10,Credit Card
627,8/5/2012,1021,2047,402,0,1674.9,12.5,Credit
629,4/14/2011,1109,2083,401,0,768.16,10,Digital Wallet
630,8/17/2020,1000,2027,404,0,517.22,5,Debit
631,11/10/2015,1033,2075,402,3,780.64,7.5,Credit
632,2/3/2009,1002,2001,403,0,824.7,0,Cash
634,10/25/2013,1018,2029,404,0,27.02,0,Digital Wallet
635,5/18/2018,1187,2013,401,2,2993.15,12.5,Cash
636,7/11/2010,1094,2038,402,3,926.51,0,Digital Wallet
637,12/14/2021,1198,2096,402,1,1814.89,5,Digital Wallet
638,4/7/2014,1017,2067,401,1,523.71,0,Debit
639,9/30/2008,1112,2044,402,1,560.47,5,Digital Wallet
640,2/5/2023,1105,2078,404,1,383.43,12.5,Debit-Card
641,3/28/2012,1022,2012,402,0,623.19,5,Digital Wallet
642,8/11/2017,1150,2093,404,2,1814.26,0,Credit
643,9/24/2011,1109,2040,402,1,31.09,0,Cash
644,3/20/2020,1070,2082,401,1,719.82,5,Debit
645,6/13/2015,1141,2076,403,0,3224.28,15,Credit
646,12/6/2009,1168,2038,402,1,1667.72,0,Cash
647,10/19/2022,1191,2050,403,0,560.34,100,Credit Card
648,5/2/2013,1005,2030,404,3,679.88,8.5,Debit
649,12/27/2018,1028,2030,404,0,509.91,12.5,Unknown
650,8/14/2010,1135,2001,403,2,989.64,10,Debit
651,1/7/2021,1033,2049,404,2,751.87,12.5,Debit
652,9/30/2014,1139,2087,402,3,0,5,Cash
653,4/13/2008,1197,2009,401,0,265.24,3,Unknown
654,7/26/2023,1003,2033,402,0,836.25,12.5,Debit
655,11/9/2012,1015,2050,403,3,560.34,10,Credit
656,3/22/2017,1108,2089,404,0,413.52,8.5,Cash
657,6/5/2011,1163,2068,402,2,3280.96,10,Credit
658,4/29/2020,1021,2039,401,1,878.8,5,Credit
659,10/12/2015,1039,2068,403,3,2460.72,25,Unknown
660,1/25/2009,1150,2081,401,2,1193.95,20,Digital Wallet
661,8/8/2022,1178,2055,402,0,53.94,7.5,Digital Wallet
662,8/31/2013,1062,2011,404,0,0,15,Unknown
663,6/14/2018,1116,2078,401,2,0,3,Cash
664,11/27/2010,1170,2094,402,0,986.7,15,Credit
665,3/10/2021,1003,2090,402,0,143.28,10,Cash
666,7/24/2014,1041,2063,403,2,1325.9,0,Credit
667,10/17/2008,1042,2047,402,2,803.95,8.5,Credit
668,11/30/2023,1187,2015,401,2,0,5,Debit
669,4/12/2012,1109,2034,401,2,326.81,3,Credit
670,9/5/2017,1182,2073,401,3,499.43,12.5,Cash
671,7/28/2011,1116,2065,403,0,470.34,0,Credit
672,5/22/2020,1127,2072,402,2,1008.72,15,Credit
673,12/15/2015,1040,2032,401,0,0,3,Credit
674,6/8/2009,1058,2094,401,0,493.35,0,Credit
675,9/23/2022,1003,2031,401,3,1695.9,20,Digital Wallet
676,2/26/2013,1093,2049,402,1,1691.71,12.5,Credit
677,11/16/2018,1009,2070,404,1,30.76,0,Cash
678,9/19/2010,1082,2031,404,2,452.24,0,Credit
679,6/12/2021,1069,2009,403,0,0,0,Cash
680,8/5/2014,1128,2086,401,1,804.69,0,Cash
681,3/28/2008,1057,2066,401,3,1548.18,100,Cash
682,4/9/2023,1017,2059,403,2,409.64,0,Debit
683,12/18/2012,1083,2011,404,0,1638.96,100,Credit
684,5/31/2017,1094,2025,403,2,223.7,0,Debit-Card
686,10/26/2020,1094,2075,404,1,702.58,5,Debit
687,1/9/2015,1187,2069,402,1,627.45,0,Unknown
688,4/22/2009,1001,2052,401,1,0,25,Credit
689,7/15/2022,1138,2044,401,2,166.06,25,Credit
690,9/28/2013,1000,2097,404,2,1347.36,0,Credit
691,4/11/2018,1026,2026,402,3,211.56,0,Credit
692,10/30/2010,1125,2007,402,2,933.42,15,Credit Card
693,11/23/2021,1023,2005,402,3,1286.34,25,Digital Wallet
694,6/4/2014,1179,2047,404,0,669.96,5,Debit
695,7/27/2008,1148,2012,402,3,3115.95,0,Credit
696,12/18/2023,1019,2075,401,3,2341.92,0,Credit Card
697,5/20/2012,1169,2016,402,2,775.25,10,Cash
698,10/3/2017,1066,2040,404,2,55.26,8.5,Credit
699,1/16/2011,1081,2057,403,1,393.28,3,Credit Card
700,2/25/2020,1019,2025,402,0,559.24,10,Debit
702,8/1/2009,1119,2040,404,0,69.08,0,Unknown
703,5/10/2022,1137,2045,402,3,0,25,Cash
704,12/12/2013,1078,2059,403,0,1536.15,3,Credit
705,7/25/2018,1023,2020,403,0,0,25,Credit
707,4/1/2021,1182,2031,403,3,1695.9,15,Debit
708,9/14/2014,1131,2006,403,2,475.2,0,Credit
709,12/23/2008,1044,2003,404,3,1155.54,20,Credit Card
710,8/6/2023,1142,2095,402,0,2453.95,25,Debit
711,6/17/2012,1118,2013,402,0,1870.72,20,Credit Card
712,1/30/2017,1003,2007,402,1,1050.1,15,Credit
713,3/3/2011,1050,2051,403,0,117.32,12.5,Cash
714,7/24/2020,1149,2075,403,0,780.64,8.5,Cash
715,10/17/2015,1005,2008,402,3,466.13,0,Unknown
716,5/10/2009,1032,2011,403,0,409.74,10,Credit
717,9/28/2022,1010,2059,401,1,921.69,0,Unknown
718,11/21/2013,1146,2055,404,3,0,0,Digital Wallet
719,8/4/2018,1007,2048,404,1,1287.47,10,Debit
720,12/28/2010,1090,2027,402,2,413.78,10,Credit
721,5/11/2021,1071,2057,402,0,1310.94,100,Credit
722,2/1/2014,1157,2079,402,2,2281.3,100,Digital Wallet
723,6/4/2008,1127,2052,404,0,2193.78,25,Cash
724,10/13/2023,1022,2035,404,1,1619.98,20,Credit
725,7/26/2012,1107,2025,402,0,279.62,10,Credit
726,3/9/2017,1097,2091,403,3,2717.37,5,Credit
727,8/16/2011,1139,2062,403,2,1486.46,10,Debit
728,1/3/2020,1099,2034,402,0,408.51,8.5,Credit
729,4/16/2015,1081,2076,402,0,2418.21,100,Debit-Card
730,9/29/2009,1199,2035,401,3,2699.97,8.5,Credit
731,6/8/2022,1135,2045,402,1,842.78,10,Cash
732,8/2/2013,1025,2031,402,2,904.48,0,Debit
733,12/15/2018,1136,2094,401,1,0,5,Debit-Card
735,7/19/2021,1045,2030,403,2,407.93,5,Credit Card
736,5/24/2014,1151,2003,403,1,693.32,15,Debit-Card
737,11/6/2008,1144,2024,404,2,298.25,0,Debit
738,3/1/2023,1044,2062,401,0,1238.72,8.5,Cash
739,4/19/2012,1014,2029,402,0,13.51,0,Credit
740,9/12/2017,1134,2061,401,2,639.74,8.5,Cash
741,1/22/2011,1157,2025,402,2,671.09,15,Debit
742,8/5/2020,1183,2022,403,0,2684.72,5,Credit Card
743,11/28/2015,1005,2018,402,0,542.26,0,Debit
744,6/15/2009,1134,2046,401,2,53.49,3,Debit
745,10/2/2022,1180,2084,404,0,281.85,3,Debit-Card
746,12/24/2013,1086,2038,403,1,1667.72,5,Credit Card
747,5/7/2018,1040,2093,404,3,755.94,15,Digital Wallet
748,7/20/2010,1166,2040,402,2,27.63,0,Credit
749,12/7/2021,1057,2085,402,3,1452.9,8.5,Credit
750,8/30/2014,1078,2093,403,1,0,20,Debit-Card
751,2/12/2008,1045,2093,401,3,2267.82,15,Cash
752,5/25/2023,1197,2072,401,1,1513.08,10,Debit
753,9/17/2012,1154,2040,402,0,69.08,5,Cash
754,2/10/2017,1127,2018,403,0,0,5,Credit
755,4/3/2011,1060,2044,403,1,934.11,0,Debit
756,9/15/2020,1162,2011,403,3,1229.22,10,Cash
757,6/26/2015,1002,2033,402,1,3010.5,0,Cash
758,10/9/2009,1177,2008,403,2,159.82,5,Debit
759,11/28/2022,1027,2092,401,0,482.21,10,Debit
760,7/11/2013,1098,2056,404,1,944.5,15,Credit
761,10/14/2018,1105,2063,404,2,2209.84,7.5,Debit
762,12/1/2010,1139,2048,401,3,357.63,12.5,Unknown
763,3/24/2021,1147,2083,402,1,691.34,0,Cash
764,10/7/2014,1115,2009,401,2,53.05,15,Debit-Card
765,5/20/2008,1005,2040,403,0,103.62,20,Debit
766,9/5/2023,1018,2043,402,3,2620.35,5,Debit-Card
767,2/23/2012,1041,2093,401,0,755.94,12.5,Debit
768,7/18/2017,1086,2076,404,0,0,0,Cash
769,8/29/2011,1110,2083,402,3,768.16,3,Digital Wallet
770,4/12/2020,1040,2006,401,2,0,0,Cash
771,1/25/2015,1052,2024,404,2,298.25,25,Debit-Card
772,7/8/2009,1169,2036,403,1,392.36,0,Digital Wallet
773,8/21/2022,1024,2006,404,3,0,100,Credit Card
774,10/4/2013,1039,2006,403,0,198,3,Credit
775,11/27/2018,1109,2011,403,3,1638.96,15,Credit
776,9/10/2010,1051,2012,401,1,1121.74,12.5,Credit
777,6/23/2021,1043,2081,403,0,746.22,25,Cash
778,3/16/2014,1121,2014,403,3,985.2,12.5,Credit
779,8/9/2008,1120,2062,403,0,2477.44,0,Debit
780,12/22/2023,1164,2069,404,1,0,0,Cash
781,5/3/2012,1094,2048,403,1,321.87,0,Credit
782,8/26/2017,1114,2005,403,3,428.78,20,Debit
783,1/14/2011,1119,2033,402,2,1338,25,Cash
784,7/7/2020,1144,2007,402,0,1166.78,25,Debit
785,10/20/2015,1021,2085,403,3,0,0,Digital Wallet
786,4/5/2009,1193,2075,402,0,1561.28,5,Credit Card
787,9/14/2022,1099,2066,404,3,0,8.5,Credit
788,11/7/2013,1146,2030,404,2,543.9,25,Credit
789,6/30/2018,1020,2050,401,1,168.1,7.5,Credit
790,10/24/2010,1030,2096,404,1,3024.81,10,Debit-Card
791,1/17/2021,1042,2027,402,1,232.75,25,Digital Wallet
792,8/13/2014,1010,2054,401,3,900.51,0,Credit
793,12/16/2008,1051,2080,402,2,0,3,Debit
794,4/28/2023,1081,2093,401,0,755.94,8.5,Cash
795,7/1/2012,1099,2071,404,2,984.26,3,Credit
796,2/24/2017,1070,2066,404,0,0,5,Debit
797,3/17/2011,1179,2079,404,0,2851.62,0,Debit
799,9/9/2015,1027,2072,401,2,672.48,12.5,Credit
800,6/2/2009,1137,2044,404,2,830.32,5,Credit Card
801,10/10/2022,1098,2083,404,3,2304.48,0,Cash
802,8/15/2013,1009,2022,403,3,2684.72,12.5,Cash
803,12/28/2018,1036,2079,404,0,950.54,0,Debit-Card
804,11/11/2010,1101,2042,402,0,335.22,8.5,Credit
805,4/14/2021,1190,2060,403,2,0,0,Credit
806,9/27/2014,1005,2043,403,2,2096.28,5,Debit-Card
807,7/10/2008,1071,2062,401,1,557.42,100,Debit
808,11/1/2023,1034,2038,404,2,2223.62,5,Debit
809,4/5/2012,1068,2093,404,0,2267.82,10,Digital Wallet
810,9/24/2017,1048,2056,402,3,524.72,7.5,Cash
811,5/18/2011,1189,2062,403,0,1858.08,0,Credit
812,6/21/2020,1131,2020,401,2,0,5,Digital Wallet
813,2/12/2015,1181,2064,404,1,264.64,10,Cash
814,8/23/2009,1199,2067,401,1,0,15,Digital Wallet
815,12/5/2022,1049,2025,401,1,503.32,20,Debit
816,10/18/2013,1008,2058,401,2,533.4,15,Debit
817,5/1/2018,1180,2025,403,2,894.78,10,Cash
818,12/9/2010,1118,2064,404,0,882.12,25,Digital Wallet
819,7/16/2021,1174,2003,402,2,308.14,10,Cash
820,4/21/2014,1125,2076,404,1,725.46,5,Credit
821,9/4/2008,1121,2075,403,2,2498.05,5,Credit Card
822,6/29/2023,1041,2033,401,2,669,5,Debit
823,8/28/2012,1007,2049,401,1,845.86,15,Debit
824,3/13/2017,1146,2099,402,1,581.69,5,Digital Wallet
825,6/11/2011,1165,2028,402,2,1531.06,0,Unknown
826,8/30/2020,1166,2052,401,0,731.26,100,Credit
827,11/23/2015,1121,2016,402,0,646.04,15,Debit
829,10/24/2022,1108,2048,403,3,357.63,5,Cash
830,7/5/2013,1064,2027,404,2,413.78,0,Cash
831,10/17/2018,1173,2066,404,0,2580.3,25,Debit
832,10/2/2010,1001,2065,403,2,376.27,25,Credit
833,1/30/2021,1076,2087,401,3,796.6,0,Digital Wallet
834,6/19/2014,1016,2043,403,2,2795.04,20,Digital Wallet
835,11/25/2008,1070,2033,403,1,752.62,8.5,Digital Wallet
836,8/18/2023,1038,2066,402,0,1032.12,15,Cash
837,5/14/2012,1153,2051,403,1,316.76,20,Credit
838,8/7/2017,1184,2003,404,2,1848.86,12.5,Cash
839,3/20/2011,1066,2053,404,3,0,15,Credit
840,4/3/2020,1188,2004,402,2,2967.2,15,Digital Wallet
842,7/19/2009,1171,2045,403,1,280.93,0,Digital Wallet
843,11/7/2022,1168,2071,402,2,1968.51,0,Digital Wallet
844,12/6/2013,1024,2060,402,2,326.7,100,Unknown
845,6/29/2018,1185,2071,402,2,984.26,5,Debit
846,8/16/2010,1167,2011,402,2,327.79,0,Cash
847,2/19/2021,1057,2095,403,3,2453.95,10,Digital Wallet
848,1/8/2014,1084,2047,403,2,803.95,15,Credit
850,9/21/2023,1162,2074,401,3,659.5,3,Unknown
851,10/13/2012,1049,2064,401,3,882.12,100,Credit Card
852,5/6/2017,1135,2038,404,0,926.51,15,Credit
853,6/26/2011,1038,2017,402,2,741.92,0,Digital Wallet
854,7/9/2020,1104,2072,404,1,1134.81,5,Credit
855,12/22/2015,1080,2091,402,0,2717.37,100,Credit
856,3/15/2009,1124,2042,402,2,0,5,Credit Card
857,8/4/2022,1162,2007,401,3,583.39,7.5,Credit
858,11/30/2013,1070,2026,402,1,190.4,0,Cash
859,4/23/2018,1125,2097,401,1,3031.56,10,Cash
860,9/5/2010,1157,2055,404,3,53.94,15,Cash
861,10/18/2021,1109,2061,404,0,799.68,0,Debit-Card
862,8/8/2014,1009,2068,402,2,0,0,Debit
863,12/29/2008,1003,2041,402,0,2412.63,7.5,Debit
864,5/12/2023,1173,2000,402,1,872.38,0,Unknown
865,7/19/2012,1177,2044,403,1,373.64,5,Debit
867,4/25/2011,1016,2005,403,2,686.05,100,Cash
868,3/7/2020,1116,2093,403,3,755.94,100,Debit
869,10/10/2015,1175,2017,403,3,463.7,12.5,Digital Wallet
870,5/28/2009,1091,2096,402,1,1209.92,10,Debit
871,12/13/2022,1103,2002,402,1,779.4,15,Cash
872,9/2/2013,1186,2016,402,0,646.04,10,Credit
873,11/25/2018,1150,2064,402,0,294.04,25,Cash
874,10/7/2010,1093,2091,401,3,2717.37,3,Debit
875,5/20/2021,1163,2032,401,0,0,25,Credit Card
876,2/14/2014,1169,2013,401,0,935.36,8.5,Cash
877,7/22/2008,1176,2014,404,3,1231.5,3,Digital Wallet
878,10/5/2023,1097,2015,403,3,2699.88,7.5,Cash
879,6/8/2012,1179,2019,402,0,1867.86,0,Credit
880,1/21/2017,1077,2053,401,2,976.24,15,Credit
881,7/5/2011,1159,2077,402,3,561.83,100,Credit
882,8/28/2020,1026,2065,401,2,1881.36,12.5,Debit
883,3/11/2015,1029,2013,404,1,0,0,Digital Wallet
884,9/14/2009,1155,2025,403,1,503.32,15,Credit
885,11/1/2022,1091,2090,404,2,171.94,0,Debit
886,4/24/2013,1041,2005,404,1,385.9,5,Credit Card
887,8/16/2018,1176,2061,403,1,359.86,0,Digital Wallet
888,11/20/2010,1000,2001,401,0,1649.4,100,Cash
889,6/14/2021,1146,2085,404,1,653.81,20,Credit Card
890,7/7/2014,1023,2099,401,0,1292.64,0,Credit
891,8/12/2008,1065,2082,402,3,266.6,0,Credit
892,12/26/2023,1075,2033,404,0,2508.75,0,Debit
893,9/21/2012,1025,2022,401,2,1073.89,0,Credit
894,4/4/2017,1092,2086,403,3,894.1,8.5,Debit
895,2/27/2011,1189,2014,401,0,0,15,Cash
896,1/10/2020,1002,2017,402,2,0,10,Debit-Card
897,8/23/2015,1091,2056,403,0,1049.44,15,Unknown
898,6/17/2009,1095,2043,402,0,0,7.5,Debit
899,10/8/2022,1102,2051,404,2,93.86,12.5,Cash
900,12/17/2013,1098,2088,404,3,0,100,Credit
901,7/10/2018,1166,2021,401,1,0,10,Credit Card
902,12/22/2010,1178,2092,401,1,867.98,0,Credit
903,3/3/2021,1026,2053,404,3,1830.45,15,Cash
904,9/14/2014,1046,2078,404,2,454.43,0,Credit
905,5/3/2008,1156,2003,402,3,1925.9,15,Debit
906,11/11/2023,1124,2014,404,3,0,3,Debit
907,8/10/2012,1011,2008,403,2,106.54,7.5,Cash
908,3/26/2017,1003,2090,402,2,57.31,8.5,Credit
909,5/1/2011,1132,2066,401,3,1548.18,12.5,Credit
910,6/4/2020,1169,2093,402,3,755.94,0,Credit
911,1/19/2015,1088,2084,404,1,0,15,Debit
912,8/7/2009,1142,2078,401,0,568.04,10,Credit
913,9/17/2022,1164,2020,404,3,1879.15,12.5,Debit
914,10/21/2013,1042,2009,404,2,53.05,5,Unknown
915,5/14/2018,1061,2042,403,0,167.61,15,Digital Wallet
916,7/28/2010,1129,2028,404,3,2551.76,0,Digital Wallet
917,8/11/2021,1060,2010,404,3,544.88,12.5,Debit
918,4/4/2014,1146,2057,401,3,436.98,5,Cash
919,10/19/2008,1114,2040,401,3,34.54,20,Digital Wallet
920,7/8/2023,1190,2083,401,0,2304.48,5,Unknown
921,11/24/2012,1103,2052,401,0,2193.78,0,Credit
922,6/17/2017,1023,2077,403,1,505.65,10,Credit
923,3/10/2011,1167,2085,404,2,387.44,7.5,Digital Wallet
924,2/13/2020,1093,2006,402,3,594,0,Credit
925,7/20/2015,1084,2071,404,2,492.13,12.5,Digital Wallet
926,4/16/2009,1183,2057,401,0,873.96,8.5,Debit
927,12/24/2022,1194,2084,402,0,563.7,10,Digital Wallet
928,8/28/2013,1087,2045,403,2,499.42,100,Debit
929,1/11/2018,1179,2013,401,1,1683.65,10,Cash
930,6/2/2010,1126,2017,404,0,927.4,8.5,Debit
931,9/4/2021,1065,2078,402,1,127.81,12.5,Cash
932,11/27/2014,1030,2050,402,3,186.78,20,Debit-Card
933,12/8/2008,1005,2024,403,0,621.35,5,Cash
934,8/31/2023,1193,2053,401,0,1830.45,100,Debit
935,7/12/2012,1197,2057,404,1,1179.85,100,Credit
936,2/25/2017,1127,2000,401,3,969.31,5,Digital Wallet
937,8/7/2011,1149,2061,402,1,359.86,0,Cash
938,5/16/2020,1187,2016,401,3,2584.16,12.5,Debit-Card
939,10/29/2015,1168,2076,403,3,2418.21,10,Credit
940,3/19/2009,1107,2077,402,2,898.93,25,Cash
942,12/30/2013,1034,2017,404,2,0,15,Credit
943,6/12/2018,1179,2070,403,1,61.52,25,Unknown
944,9/23/2010,1051,2026,403,2,338.5,0,Debit
945,12/16/2021,1172,2016,402,2,516.83,0,Debit
946,5/9/2014,1181,2014,403,3,246.3,5,Debit
947,7/25/2008,1149,2073,404,2,799.09,5,Cash
948,9/28/2023,1108,2001,401,0,412.35,3,Credit
949,2/6/2012,1097,2018,401,0,1084.52,3,Debit
950,7/19/2017,1051,2034,402,2,217.87,25,Debit
952,3/22/2020,1176,2037,402,0,720.28,5,Unknown
953,8/12/2015,1091,2057,401,1,786.56,0,Digital Wallet
954,5/5/2009,1190,2082,404,1,239.94,10,Digital Wallet
955,11/25/2022,1130,2089,403,0,413.52,10,Debit
956,7/31/2013,1097,2049,404,2,0,3,Digital Wallet
957,12/14/2018,1141,2006,401,2,0,0,Debit
958,8/29/2010,1051,2079,404,1,1710.97,5,Debit
959,7/2/2021,1162,2090,403,1,257.9,25,Cash
960,2/27/2014,1198,2092,402,2,771.54,15,Credit
961,9/17/2008,1114,2022,401,1,3020.31,0,Credit
962,10/20/2023,1044,2094,401,3,493.35,25,Credit
963,6/30/2012,1010,2054,403,2,720.41,8.5,Debit
964,1/13/2017,1033,2020,403,0,751.66,25,Unknown
965,3/24/2011,1084,2059,402,0,0,100,Cash
966,4/26/2020,1039,2041,401,2,0,0,Cash
967,9/3/2015,1125,2073,403,0,1997.72,0,Cash
968,6/20/2009,1005,2090,403,1,193.43,3,Unknown
969,12/7/2022,1047,2066,401,1,464.45,25,Debit
970,10/14/2013,1106,2069,404,0,464.78,8.5,Cash
971,3/7/2018,1089,2028,402,2,0,12.5,Debit
972,7/7/2010,1084,2046,403,1,0,10,Debit
973,8/24/2021,1192,2079,404,0,950.54,5,Cash
974,12/19/2014,1029,2085,403,3,726.45,8.5,Unknown
975,11/2/2008,1061,2082,402,0,533.2,3,Digital Wallet
976,11/15/2023,1174,2041,404,0,804.21,7.5,Unknown
977,9/4/2012,1098,2032,403,0,0,20,Credit
979,5/15/2011,1124,2005,403,1,1157.71,3,Credit
980,1/28/2020,1082,2065,401,0,1411.02,0,Digital Wallet
982,7/23/2009,1053,2085,402,3,726.45,0,Credit
983,10/16/2022,1026,2026,404,0,423.12,5,Digital Wallet
984,8/9/2013,1191,2087,402,0,477.96,100,Digital Wallet
985,11/18/2018,1117,2091,403,0,1811.58,15,Cash
986,12/5/2010,1022,2009,401,1,119.36,15,Cash
987,3/19/2021,1064,2071,401,1,1107.29,100,Cash
989,8/26/2008,1161,2051,404,2,375.42,3,Debit-Card
990,12/1/2023,1004,2049,401,0,939.84,10,Debit
991,10/20/2012,1164,2092,401,0,2893.26,10,Credit Card
992,5/29/2017,1179,2009,403,0,66.31,25,Debit
993,7/12/2011,1074,2087,403,0,477.96,100,Cash
994,6/7/2020,1072,2097,404,3,842.1,10,Cash
995,1/2/2015,1101,2084,401,3,1127.4,15,Cash
996,4/9/2009,1040,2068,402,1,2952.86,0,Cash
997,9/9/2022,1191,2050,403,1,504.31,5,Cash
998,11/26/2013,1076,2086,403,0,2682.3,10,Credit
999,6/5/2018,1141,2071,402,0,1230.32,5,Cash
1001,2/25/2021,1078,2026,403,1,761.62,15,Debit
1002,7/16/2014,1105,2082,402,1,239.94,100,Digital Wallet
1003,10/11/2008,1047,2028,403,1,1148.29,10,Digital Wallet
1004,5/4/2023,1029,2023,401,3,2818.62,15,Cash
1005,12/28/2012,1165,2070,401,2,54.69,0,Credit
1006,9/11/2017,1171,2008,403,0,133.18,10,Credit
1007,3/6/2011,1050,2092,404,2,771.54,5,Debit
1008,8/23/2020,1091,2016,402,0,1292.08,7.5,Credit
1009,10/5/2015,1072,2079,401,1,855.49,0,Cash
1010,5/18/2009,1081,2062,404,2,495.49,3,Credit Card
1011,11/12/2022,1157,2084,403,1,253.67,20,Credit
1012,8/1/2013,1144,2072,403,2,672.48,12.5,Digital Wallet
1013,12/24/2018,1109,2021,401,2,668.33,7.5,Debit
1014,9/16/2010,1063,2028,404,2,510.35,7.5,Credit
1015,4/29/2021,1092,2017,403,3,1854.8,5,Cash
1016,11/8/2014,1118,2057,403,2,699.17,7.5,Digital Wallet
1017,6/13/2008,1124,2070,401,1,30.76,0,Unknown
1018,10/2/2023,1165,2077,401,2,449.46,0,Credit Card
1019,7/3/2012,1035,2068,402,2,1968.58,0,Cash
1020,2/16/2017,1187,2080,401,0,0,0,Cash
1021,4/19/2011,1004,2064,401,3,882.12,12.5,Cash
1022,5/28/2020,1196,2075,402,0,2341.92,5,Debit
1023,8/15/2015,1141,2033,404,1,0,0,Credit
1024,7/26/2009,1093,2050,402,2,448.27,15,Credit Card
1025,12/19/2022,1034,2059,401,3,1536.15,0,Debit
1026,9/9/2013,1093,2064,401,1,793.91,25,Credit
1027,4/2/2018,1157,2087,402,1,286.78,10,Debit
1028,10/30/2010,1114,2020,402,1,676.49,0,Debit
1029,7/13/2021,1188,2093,404,2,1814.26,7.5,Debit-Card
1030,12/26/2014,1010,2028,404,1,1148.29,0,Debit
1031,8/5/2008,1016,2033,403,1,2257.88,20,Debit
1032,11/6/2023,1010,2085,402,2,387.44,15,Digital Wallet
1033,5/25/2012,1099,2060,404,0,0,100,Credit
1034,10/19/2017,1010,2083,403,0,768.16,5,Digital Wallet
1035,6/8/2011,1180,2066,403,2,1238.54,0,Unknown
1036,3/11/2020,1148,2069,402,3,697.17,25,Credit
1037,9/22/2015,1167,2048,403,0,1072.89,0,Debit-Card
1038,4/14/2009,1132,2032,404,1,851.04,15,Debit
1039,8/27/2022,1132,2051,403,2,187.71,20,Credit
1040,7/20/2013,1124,2061,401,1,0,12.5,Credit
1041,11/3/2018,1112,2021,402,0,835.41,10,Credit
1042,12/17/2010,1131,2082,403,1,239.94,20,Digital Wallet
1043,5/10/2021,1038,2023,402,2,0,10,Digital Wallet
1044,6/28/2014,1154,2091,401,1,3260.84,0,Credit
1045,9/21/2008,1106,2042,401,3,1173.27,15,Credit
1046,12/14/2023,1172,2061,404,1,719.71,10,Credit
1047,8/31/2012,1151,2020,404,0,1127.49,20,Credit
1048,3/14/2017,1062,2005,402,1,385.9,0,Credit
1049,7/27/2011,1034,2080,401,1,2996.14,12.5,Cash
1050,6/20/2020,1014,2021,403,1,1503.74,5,Credit
1051,1/13/2015,1132,2051,401,2,281.57,100,Debit
1052,6/24/2009,1021,2027,404,3,775.83,10,Debit
1053,9/30/2022,1123,2021,402,3,0,0,Digital Wallet
1054,10/8/2013,1153,2018,402,2,867.62,15,Credit
1055,5/21/2018,1042,2092,403,3,1446.63,15,Debit
1056,11/4/2010,1152,2075,401,1,2107.73,5,Credit
1057,8/7/2021,1096,2049,402,0,939.84,25,Credit
1058,3/3/2014,1004,2025,404,1,0,0,Digital Wallet
1059,10/26/2008,1155,2012,402,3,623.19,25,Credit
1060,11/21/2023,1157,2076,401,0,2418.21,15,Credit
1061,9/13/2012,1023,2061,402,0,199.92,25,Digital Wallet
1062,4/26/2017,1198,2086,404,3,894.1,20,Cash
1063,5/20/2011,1094,2005,404,1,771.8,20,Credit
1065,12/9/2015,1150,2094,401,3,2466.75,12.5,Cash
1066,3/17/2009,1034,2032,404,1,1702.08,0,Credit
1067,10/11/2022,1021,2036,404,2,348.77,0,Credit
1069,1/6/2018,1133,2000,404,1,872.38,5,Debit
1070,8/12/2010,1176,2040,404,2,55.26,25,Cash
1071,9/15/2021,1027,2019,404,2,747.14,7.5,Cash
1072,4/18/2014,1066,2068,404,2,1968.58,12.5,Credit
1073,7/29/2008,1156,2035,404,1,0,0,Cash
1074,12/8/2023,1105,2070,404,1,0,0,Credit
1075,6/22/2012,1094,2071,404,2,984.26,15,Debit
1076,11/5/2017,1078,2073,403,3,499.43,3,Credit
1077,2/9/2011,1188,2017,401,1,417.33,8.5,Cash
1078,4/2/2020,1114,2089,402,0,827.04,0,Credit
1079,7/24/2015,1054,2065,404,2,376.27,3,Credit Card
1080,8/28/2009,1140,2078,401,1,255.62,3,Debit
1081,11/3/2022,1099,2081,401,0,1492.44,0,Cash
1082,9/26/2013,1037,2060,404,0,1225.14,100,Debit
1083,2/19/2018,1016,2033,402,2,2007,25,Cash
1084,7/25/2010,1020,2077,401,3,561.83,15,Credit
1085,6/6/2021,1102,2078,403,0,142.01,0,Digital Wallet
1086,10/10/2014,1198,2022,404,3,671.18,7.5,Cash
1087,12/1/2008,1002,2025,403,1,503.32,12.5,Digital Wallet
1088,9/19/2023,1008,2076,402,1,1450.93,20,Cash
1089,7/15/2012,1172,2004,403,1,834.52,10,Debit
1090,12/8/2017,1167,2000,402,0,969.31,3,Cash
1091,3/30/2011,1070,2099,404,2,1551.17,3,Credit
1092,5/13/2020,1171,2050,404,1,168.1,5,Credit
1093,8/26/2015,1132,2001,401,0,2061.75,0,Credit
1094,5/7/2009,1140,2036,403,2,348.77,5,Cash
1095,10/24/2022,1070,2028,402,3,2551.76,10,Credit Card
1096,10/31/2013,1103,2073,401,2,0,7.5,Debit
1097,3/24/2018,1044,2052,401,0,2193.78,8.5,Credit Card
1098,9/9/2010,1128,2037,403,0,0,10,Digital Wallet
1100,2/22/2014,1096,2072,404,1,378.27,0,Cash
1101,8/15/2008,1193,2043,404,3,2620.35,20,Credit
1102,11/29/2023,1150,2003,404,0,1155.54,0,Credit
1103,9/27/2012,1066,2008,404,1,59.93,8.5,Cash
1104,4/9/2017,1173,2089,402,2,0,100,Cash
1105,6/21/2011,1105,2045,401,2,499.42,20,Digital Wallet
1106,7/2/2020,1063,2036,401,3,653.94,12.5,Credit
1107,1/16/2015,1172,2095,403,0,981.58,10,Cash
1108,6/11/2009,1141,2022,404,2,0,0,Cash
1109,12/22/2022,1090,2027,403,1,698.25,0,Debit
1110,11/12/2013,1191,2087,402,3,955.92,10,Cash
1111,6/25/2018,1188,2025,402,1,251.66,5,Credit
1112,10/4/2010,1067,2026,402,1,380.81,0,Cash
1113,9/8/2021,1063,2079,403,1,1710.97,100,Credit Card
1115,11/18/2008,1173,2084,404,0,281.85,15,Debit
1116,10/15/2023,1195,2069,401,3,697.17,8.5,Credit Card
1117,8/2/2012,1095,2079,403,3,950.54,12.5,Credit
1118,1/25/2017,1147,2035,404,1,809.99,8.5,Credit Card
1119,5/4/2011,1195,2065,403,3,1411.02,7.5,Credit Card
1120,6/15/2020,1056,2096,402,0,0,0,Debit
1122,4/3/2009,1128,2044,404,1,373.64,0,Credit
1123,11/5/2022,1117,2015,404,2,1619.93,10,Unknown
1124,12/13/2013,1176,2001,401,1,371.12,15,Digital Wallet
1125,7/28/2018,1097,2074,401,2,527.6,15,Digital Wallet
1126,8/8/2010,1092,2078,403,1,383.43,5,Digital Wallet
1127,12/11/2021,1140,2033,402,2,1338,5,Cash
1128,5/5/2014,1120,2078,403,2,227.22,20,Credit
1129,9/12/2008,1047,2063,404,1,0,5,Cash
1130,8/24/2023,1107,2089,403,2,330.82,7.5,Cash
1131,10/16/2012,1102,2035,404,1,1619.98,5,Cash
1132,3/17/2017,1146,2016,402,0,0,20,Credit
1133,6/14/2011,1184,2034,402,3,680.85,10,Digital Wallet
1134,4/19/2020,1097,2025,402,1,1258.29,15,Unknown
1135,9/1/2015,1121,2001,402,3,0,0,Debit
1136,7/10/2009,1127,2017,403,3,0,25,Digital Wallet
1138,8/18/2013,1025,2088,402,0,0,0,Unknown
1139,11/21/2018,1055,2032,404,0,945.6,10,Credit
1140,9/28/2010,1115,2095,403,2,0,3,Credit
1141,7/30/2021,1092,2046,403,2,80.23,7.5,Digital Wallet
1142,12/12/2014,1005,2052,401,2,1170.02,10,Cash
1143,10/21/2008,1173,2077,402,1,1516.94,0,Credit
1144,9/3/2023,1199,2036,403,2,871.92,0,Credit
1145,7/7/2012,1172,2065,404,3,2822.04,0,Unknown
1146,12/20/2017,1020,2048,403,3,1072.89,3,Credit
1147,4/2/2011,1161,2018,402,2,1301.42,0,Credit Card
1149,8/8/2015,1020,2020,403,1,1014.74,25,Credit
1150,3/31/2009,1080,2040,403,2,55.26,0,Debit
1151,12/4/2022,1154,2082,404,2,639.84,0,Debit
1152,11/25/2013,1113,2099,403,3,646.32,20,Debit
1153,4/28/2018,1105,2021,402,0,835.41,0,Digital Wallet
1154,8/1/2010,1032,2093,402,2,2419.01,3,Cash
1155,9/22/2021,1190,2089,401,1,0,20,Cash
1156,3/26/2014,1042,2050,401,0,1120.68,7.5,Debit
1157,11/7/2008,1016,2060,401,0,816.76,0,Credit
1158,10/28/2023,1197,2050,401,0,560.34,0,Debit
1159,10/29/2012,1067,2079,402,0,1901.08,0,Cash
1160,5/12/2017,1167,2049,403,1,0,10,Credit Card
1161,6/26/2011,1063,2094,403,3,493.35,0,Debit
1162,7/19/2020,1160,2016,402,1,1162.87,0,Credit
1163,2/5/2015,1007,2004,403,2,2225.4,100,Unknown
1164,8/14/2009,1121,2059,403,3,2048.2,0,Cash
1165,11/17/2022,1034,2089,402,3,2481.12,10,Debit-Card
1166,12/7/2013,1161,2095,404,2,392.63,3,Cash
1167,7/2/2018,1088,2061,402,0,799.68,12.5,Credit
1168,9/21/2010,1113,2039,403,3,976.44,0,Debit
1169,10/12/2021,1066,2019,403,0,933.93,10,Unknown
1170,5/19/2014,1000,2066,402,2,412.85,5,Debit-Card
1171,12/12/2008,1073,2060,401,3,0,0,Cash
1172,8/7/2023,1193,2061,403,0,199.92,0,Credit
1173,11/14/2012,1196,2055,403,1,194.18,20,Unknown
1174,6/27/2017,1001,2070,403,1,61.52,20,Debit
1175,7/9/2011,1105,2071,404,3,615.16,15,Credit
1176,8/4/2020,1063,2020,404,3,375.83,10,Cash
1177,1/29/2015,1056,2033,401,3,836.25,0,Digital Wallet
1178,4/25/2009,1160,2030,403,2,271.95,100,Debit
1179,12/30/2022,1166,2095,403,3,1472.37,5,Debit
1180,10/3/2013,1048,2008,402,1,0,5,Unknown
1181,11/16/2018,1074,2014,404,3,738.9,15,Cash
1182,10/18/2010,1069,2089,404,1,372.17,25,Credit
1183,5/7/2021,1082,2002,402,0,1732,5,Digital Wallet
1184,8/21/2014,1136,2002,402,0,1732,0,Unknown
1185,7/4/2008,1072,2034,402,3,0,15,Digital Wallet
1186,9/26/2023,1186,2001,402,0,824.7,8.5,Credit
1187,8/24/2012,1038,2001,404,1,0,5,Debit
1188,3/19/2017,1087,2053,403,3,2440.6,100,Credit
1189,4/12/2011,1095,2059,401,2,1638.56,0,Credit
1190,6/29/2020,1020,2096,402,0,2688.72,3,Digital Wallet
1191,11/11/2015,1068,2099,404,0,1938.96,0,Credit
1192,6/3/2009,1139,2060,402,1,1102.63,5,Credit
1193,10/20/2022,1064,2048,401,0,715.26,5,Digital Wallet
1194,9/14/2013,1196,2091,402,3,0,100,Credit Card
1195,4/7/2018,1197,2056,402,0,1049.44,12.5,Debit
1196,8/25/2010,1050,2058,401,1,1800.22,25,Credit Card
1197,7/14/2021,1121,2049,403,2,751.87,0,Digital Wallet
1198,2/8/2014,1040,2080,401,0,1664.52,25,Cash
1199,11/30/2008,1064,2061,403,1,179.93,100,Credit
1200,12/17/2023,1092,2006,402,0,198,7.5,Digital Wallet
1201,9/5/2012,1060,2081,404,2,1193.95,10,Credit
1202,10/22/2017,1003,2021,403,0,2506.23,3,Cash
1203,5/17/2011,1101,2031,401,0,1130.6,5,Credit
1204,4/14/2020,1148,2088,404,1,0,25,Credit
1205,8/31/2015,1095,2098,401,1,2451.22,10,Digital Wallet
1206,3/8/2009,1040,2063,401,2,883.94,15,Debit
1207,11/10/2022,1194,2080,401,0,1664.52,7.5,Cash
1208,8/12/2013,1091,2082,402,0,0,0,Digital Wallet
1209,1/25/2018,1032,2062,402,2,1981.95,20,Debit
1210,7/14/2010,1142,2082,403,3,799.8,15,Cash
1211,8/21/2021,1187,2024,401,3,372.81,12.5,Debit
1212,3/19/2014,1091,2092,402,2,385.77,25,Debit
1213,10/3/2008,1010,2062,404,2,990.98,100,Credit
1214,9/9/2023,1138,2089,404,1,744.34,25,Unknown
1215,6/11/2012,1145,2023,403,2,1503.26,0,Credit
1216,11/28/2017,1187,2059,403,1,1843.38,7.5,Unknown
1217,4/5/2011,1017,2067,402,3,0,0,Credit
1218,5/2/2020,1075,2033,403,3,836.25,0,Credit
1219,9/14/2015,1000,2099,404,1,2326.75,8.5,Cash
1220,2/17/2009,1004,2079,403,1,0,10,Credit
1221,12/27/2022,1082,2092,401,3,0,0,Debit-Card
1222,7/17/2013,1048,2067,404,1,785.56,10,Cash
1223,10/10/2018,1156,2036,403,3,0,0,Unknown
1224,8/28/2010,1164,2041,401,0,804.21,0,Digital Wallet
1225,7/7/2021,1133,2084,401,0,0,100,Digital Wallet
1226,12/1/2014,1033,2022,401,1,604.06,5,Unknown
1227,9/19/2008,1027,2062,402,0,1238.72,15,Cash
1228,10/23/2023,1008,2073,404,3,1498.29,3,Digital Wallet
1229,11/26/2012,1134,2079,403,0,950.54,12.5,Cash
1230,4/21/2017,1093,2028,401,0,1275.88,0,Credit
1231,5/30/2011,1053,2083,404,0,2304.48,8.5,Credit
1232,6/12/2020,1119,2081,401,2,0,25,Debit
1233,1/24/2015,1142,2095,404,2,1177.9,15,Debit
1234,6/27/2009,1181,2007,403,0,583.39,12.5,Credit
1235,11/2/2022,1187,2009,403,0,265.24,0,Debit
1236,10/20/2013,1055,2066,401,0,2580.3,20,Credit
1237,5/15/2018,1185,2029,404,1,12.16,12.5,Debit
1238,9/3/2010,1049,2067,402,1,261.86,0,Credit
1239,8/26/2021,1142,2095,404,0,1963.16,10,Credit
1240,3/12/2014,1196,2081,403,3,746.22,20,Debit
1241,8/7/2008,1179,2085,404,0,242.15,12.5,Debit
1242,12/10/2023,1042,2023,404,2,2254.9,0,Cash
1243,10/5/2012,1168,2020,404,2,601.33,0,Credit
1244,1/18/2017,1080,2070,403,2,0,0,Digital Wallet
1245,4/22/2011,1105,2097,404,2,673.68,0,Debit
1246,7/28/2020,1155,2030,402,3,509.91,15,Debit
1247,10/13/2015,1196,2070,403,2,27.34,12.5,Digital Wallet
1248,5/21/2009,1115,2057,404,0,1747.92,0,Credit
1249,12/1/2022,1185,2004,403,0,2781.75,7.5,Credit
1250,9/7/2013,1132,2017,403,0,0,25,Credit
1251,2/12/2018,1076,2028,402,2,1020.7,0,Debit
1252,7/21/2010,1005,2098,403,1,3268.3,5,Digital Wallet
1253,9/29/2021,1024,2004,404,2,1483.6,25,Credit
1254,4/25/2014,1039,2017,403,2,370.96,20,Debit
1255,10/14/2008,1149,2031,402,2,904.48,10,Digital Wallet
1256,11/18/2023,1076,2011,404,1,737.53,5,Debit
1257,8/17/2012,1187,2009,403,3,198.93,25,Digital Wallet
1258,3/2/2017,1044,2062,401,2,495.49,10,Credit
1259,5/24/2011,1009,2093,404,0,0,5,Debit
1260,8/9/2020,1199,2007,403,2,1400.14,5,Debit
1261,11/6/2015,1111,2053,401,1,3294.81,0,Debit-Card
1262,4/19/2009,1191,2083,401,3,768.16,5,Debit
1263,10/26/2022,1013,2039,401,2,1562.3,0,Credit
1264,8/5/2013,1138,2072,402,2,672.48,25,Digital Wallet
1265,11/9/2018,1128,2089,402,1,744.34,100,Cash
1266,6/10/2010,1012,2086,404,3,2682.3,10,Unknown
1267,5/24/2021,1192,2076,401,1,1450.93,10,Unknown
1268,1/27/2014,1110,2037,404,1,324.13,0,Credit Card
1270,12/31/2023,1146,2095,401,3,1963.16,0,Debit
1271,9/19/2012,1067,2010,404,3,0,20,Digital Wallet
1272,4/14/2017,1198,2089,402,1,744.34,15,Credit
1273,6/3/2011,1123,2071,402,3,1845.48,0,Credit
1274,6/17/2020,1101,2083,402,1,2074.03,100,Cash
1275,10/2/2015,1062,2009,403,3,66.31,7.5,Cash
1276,3/12/2009,1082,2087,401,0,318.64,3,Credit
1277,11/14/2022,1171,2052,404,2,0,12.5,Credit
1278,7/10/2013,1089,2024,403,2,298.25,0,Debit
1279,12/3/2018,1152,2083,401,2,1843.58,10,Cash
1280,5/6/2010,1043,2044,404,1,373.64,20,Debit
1281,4/16/2021,1112,2005,402,1,0,0,Debit
1282,8/29/2014,1175,2047,402,0,1004.94,15,Credit
1283,12/20/2008,1028,2094,401,1,888.03,10,Cash
1284,9/16/2023,1158,2018,403,0,2169.04,0,Debit
1285,10/23/2012,1087,2088,401,2,567.48,5,Digital Wallet
1286,5/25/2017,1115,2060,401,2,980.11,8.5,Credit
1287,7/16/2011,1053,2094,402,1,888.03,0,Debit
1288,7/11/2020,1139,2066,403,3,2580.3,0,Debit
1289,2/18/2015,1159,2093,402,0,0,12.5,Debit-Card
1290,8/9/2009,1096,2074,401,2,1055.2,0,Credit
1291,12/8/2022,1043,2007,403,1,525.05,0,Credit
1292,11/3/2013,1178,2079,403,0,950.54,5,Credit
1293,6/18/2018,1119,2083,401,0,768.16,100,Debit
1294,4/1/2010,1099,2084,403,2,0,0,Debit
1295,8/14/2021,1027,2002,403,3,866,10,Digital Wallet
1296,9/7/2014,1059,2048,401,2,572.21,0,Debit
1297,11/13/2008,1124,2076,401,1,2176.39,25,Digital Wallet
1298,10/30/2023,1050,2064,404,0,1470.2,0,Unknown
1299,12/15/2012,1010,2031,403,2,1356.72,0,Cash
1300,7/28/2017,1125,2050,402,0,373.56,0,Credit
1301,8/11/2011,1088,2087,403,2,509.82,5,Debit
1302,9/3/2020,1160,2038,402,2,2223.62,15,Debit
1303,3/22/2015,1015,2080,403,3,2496.78,5,Debit-Card
1304,9/26/2009,1007,2071,403,1,553.64,10,Cash
1305,11/21/2022,1038,2043,404,1,786.1,15,Cash
1306,10/15/2013,1022,2093,404,1,2721.38,15,Cash
1307,3/5/2018,1106,2030,402,3,1019.82,8.5,Cash
1308,5/20/2010,1079,2077,403,3,561.83,15,Credit
1309,10/5/2021,1138,2016,402,1,872.15,5,Credit
1310,8/12/2014,1148,2069,402,1,418.3,10,Debit
1311,10/27/2008,1079,2088,402,3,709.35,100,Cash
1312,12/23/2023,1197,2018,402,2,867.62,20,Credit
1313,11/8/2012,1017,2071,401,1,553.64,15,Cash
1314,6/1/2017,1081,2018,401,2,867.62,0,Digital Wallet
1315,7/19/2011,1105,2052,403,3,731.26,0,Cash
1316,8/18/2020,1190,2081,403,1,0,3,Debit-Card
1317,4/11/2015,1199,2024,401,1,223.69,5,Digital Wallet
1318,5/2/2009,1047,2003,403,1,346.66,3,Credit
1319,10/29/2022,1152,2029,402,0,27.02,0,Debit
1320,12/20/2013,1091,2010,404,1,210.17,0,Unknown
1321,7/15/2018,1128,2077,404,2,0,0,Debit
1322,6/24/2010,1047,2049,404,3,0,0,Digital Wallet
1323,11/27/2021,1035,2020,402,1,676.49,15,Credit Card
1324,2/3/2014,1008,2052,401,2,585.01,20,Debit-Card
1325,8/18/2008,1105,2028,402,1,1148.29,10,Cash
1326,11/24/2023,1016,2022,404,3,2684.72,7.5,Credit
1327,10/12/2012,1176,2041,404,1,1447.58,8.5,Credit Card
1328,5/4/2017,1109,2051,401,3,469.28,12.5,Credit
1329,6/29/2011,1184,2040,404,0,103.62,0,Credit
1331,3/15/2015,1010,2031,404,0,1130.6,0,Cash
1332,7/31/2009,1142,2049,401,1,0,5,Credit Card
1333,12/16/2022,1074,2056,404,2,839.55,10,Cash
1334,11/29/2013,1198,2036,404,1,392.36,8.5,Debit
1335,4/9/2018,1108,2037,401,1,648.25,3,Debit
1336,5/15/2010,1118,2082,404,0,799.8,10,Credit
1337,6/2/2021,1184,2064,401,1,264.64,10,Cash
1338,9/18/2014,1199,2074,402,3,1978.5,5,Credit
1339,12/4/2008,1105,2041,404,0,0,7.5,Debit
1340,10/7/2023,1045,2058,402,3,0,20,Digital Wallet
1341,11/17/2012,1023,2032,403,1,1702.08,0,Digital Wallet
1342,6/20/2017,1183,2093,401,0,2267.82,0,Cash
1343,8/4/2011,1029,2090,404,2,57.31,5,Credit
1344,7/7/2020,1021,2067,404,1,261.86,10,Debit
1345,4/24/2015,1096,2070,404,0,136.72,3,Debit
1346,9/9/2009,1196,2021,403,1,751.87,20,Credit Card
1347,11/28/2022,1041,2018,402,0,1084.52,0,Digital Wallet
1348,12/25/2013,1107,2039,403,3,0,100,Credit
1349,5/29/2018,1073,2080,402,0,3329.04,15,Cash
1350,6/7/2010,1033,2025,401,2,671.09,10,Debit-Card
1351,8/31/2021,1003,2058,404,3,2000.25,25,Credit
1352,3/8/2014,1139,2000,404,1,1744.76,10,Debit-Card
1353,9/2/2008,1055,2075,404,3,3122.56,20,Credit
1354,12/12/2023,1104,2056,401,0,1574.16,15,Cash
1355,10/26/2012,1062,2070,403,1,30.76,0,Credit
1356,3/31/2017,1012,2023,402,0,2818.62,0,Unknown
1357,7/23/2011,1167,2044,401,1,560.47,0,Cash
1358,9/21/2020,1008,2085,403,2,0,7.5,Digital Wallet
1359,5/16/2015,1022,2006,401,3,990,10,Debit
1360,4/28/2009,1045,2020,403,1,1352.99,0,Debit
1361,10/14/2022,1116,2095,403,0,981.58,15,Cash
1362,9/21/2013,1023,2098,403,2,1452.58,12.5,Credit
1363,2/26/2018,1094,2048,401,3,1072.89,25,Cash
1364,5/29/2010,1140,2008,403,3,0,12.5,Credit
1365,7/20/2021,1034,2015,403,2,1079.95,10,Credit Card
1366,8/5/2014,1134,2052,402,1,1316.27,20,Unknown
1367,11/22/2008,1156,2007,401,0,1750.17,12.5,Credit
1368,11/7/2023,1123,2092,403,3,0,3,Credit Card
1369,12/10/2012,1155,2040,403,2,27.63,0,Cash
1370,7/13/2017,1033,2078,404,3,568.04,25,Debit
1371,8/26/2011,1126,2023,402,2,2254.9,7.5,Debit
1373,6/1/2015,1119,2080,401,1,0,5,Credit
1374,7/15/2009,1157,2053,404,0,1830.45,5,Credit
1375,12/3/2022,1085,2044,402,0,207.58,0,Digital Wallet
1376,10/28/2013,1163,2025,403,2,447.39,15,Credit
1378,4/12/2010,1196,2000,401,2,0,3,Digital Wallet
1379,9/12/2021,1087,2050,401,1,168.1,20,Credit
1380,1/15/2014,1049,2042,403,3,670.44,15,Debit
1382,10/18/2023,1039,2080,404,2,665.81,0,Debit
1383,11/21/2012,1118,2052,401,2,0,0,Cash
1384,4/17/2017,1144,2092,403,0,1446.63,10,Digital Wallet
1385,9/14/2011,1053,2073,403,2,1198.63,0,Credit
1386,8/1/2020,1016,2019,403,0,0,10,Credit
1387,3/4/2015,1086,2048,402,3,1072.89,5,Cash
1388,8/20/2009,1047,2076,401,2,0,10,Digital Wallet
1389,11/19/2022,1180,2040,401,2,110.53,0,Debit
1390,12/2/2013,1105,2011,404,1,0,3,Debit
1391,6/23/2018,1095,2057,403,1,786.56,15,Unknown
1392,7/9/2010,1134,2038,402,0,926.51,10,Cash
1393,10/22/2021,1095,2004,402,0,0,0,Debit
1394,4/14/2014,1113,2064,401,3,294.04,10,Credit
1395,10/8/2008,1128,2019,402,2,1494.29,10,Digital Wallet
1396,12/5/2023,1123,2093,403,2,3023.76,15,Credit Card
1397,12/29/2012,1036,2098,401,1,817.07,20,Debit
1398,7/26/2017,1052,2092,401,3,1928.84,25,Debit
1399,8/19/2011,1099,2091,401,0,905.79,7.5,Credit
1400,9/15/2020,1079,2005,401,2,1715.12,10,Debit
1401,5/11/2015,1119,2005,401,2,686.05,10,Credit
1402,3/24/2009,1005,2073,403,1,0,0,Debit
1403,10/9/2022,1082,2025,402,2,223.7,5,Debit
1404,11/16/2013,1070,2068,403,3,2460.72,15,Debit
1405,8/21/2018,1171,2015,403,1,0,7.5,Cash
1406,6/13/2010,1040,2035,401,0,899.99,12.5,Cash
1407,11/4/2021,1159,2071,401,1,1660.93,10,Credit
1408,2/17/2014,1138,2044,403,2,0,5,Credit
1409,7/31/2008,1036,2090,403,1,0,5,Debit
1410,9/14/2023,1043,2009,403,2,106.1,10,Cash
1411,9/2/2012,1138,2056,401,1,944.5,100,Credit
1412,12/15/2017,1007,2060,401,0,816.76,5,Cash
1413,10/7/2011,1098,2006,401,3,990,15,Debit
1414,12/18/2020,1100,2022,404,2,1610.83,25,Debit
1415,7/7/2015,1079,2042,402,0,167.61,8.5,Unknown
1416,4/11/2009,1193,2097,404,1,2273.67,5,Credit
1417,11/13/2022,1023,2089,404,0,413.52,10,Cash
1419,3/28/2018,1059,2028,402,2,1531.06,3,Cash
1420,5/4/2010,1093,2050,402,2,298.85,10,Cash
1421,8/5/2021,1083,2058,404,0,2000.25,20,Unknown
1422,9/23/2014,1016,2060,401,2,653.41,25,Credit
1423,8/29/2008,1122,2059,402,2,1228.92,3,Cash
1424,10/12/2023,1196,2044,402,0,207.58,20,Cash
1425,12/4/2012,1103,2091,401,2,2173.9,0,Digital Wallet
1426,5/30/2017,1142,2083,401,2,1229.06,0,Digital Wallet
1427,9/7/2011,1136,2059,404,3,2560.25,8.5,Digital Wallet
1428,10/10/2020,1061,2079,402,1,2566.46,10,Cash
1429,4/7/2015,1123,2049,401,2,751.87,25,Cash
1430,6/16/2009,1053,2088,404,3,709.35,0,Credit
1431,12/21/2022,1145,2043,402,1,1572.21,20,Debit
1432,8/14/2013,1169,2085,401,3,1210.75,25,Credit
1433,11/7/2018,1029,2075,404,2,1249.02,5,Digital Wallet
1434,4/17/2010,1142,2012,404,1,1682.61,0,Digital Wallet
1435,7/27/2021,1078,2051,401,0,117.32,10,Debit
1436,3/30/2014,1175,2076,404,2,1289.71,0,Cash
1437,9/7/2008,1126,2082,401,0,1066.4,5,Digital Wallet
1438,11/26/2023,1055,2017,401,1,1669.32,0,Credit Card
1439,10/31/2012,1169,2019,404,2,747.14,10,Debit-Card
1440,6/14/2017,1099,2078,404,1,383.43,3,Digital Wallet
1441,10/20/2011,1052,2087,403,2,0,12.5,Cash
1442,11/29/2020,1145,2086,403,3,2682.3,10,Debit
1443,8/4/2015,1183,2044,401,0,1037.9,10,Unknown
1444,5/9/2009,1156,2065,404,1,423.31,8.5,Credit
1445,10/5/2022,1075,2007,403,0,1166.78,0,Credit
1446,9/18/2013,1000,2090,403,0,143.28,25,Credit
1447,4/25/2018,1072,2003,402,3,0,15,Digital Wallet
1448,7/2/2010,1179,2075,404,2,1873.54,10,Cash
1449,12/9/2021,1182,2048,404,3,357.63,25,Credit
1450,6/11/2014,1111,2069,402,1,836.6,0,Credit
1451,10/24/2008,1121,2017,402,3,2782.2,15,Debit
1452,12/28/2023,1092,2053,402,2,1464.36,15,Debit
1453,11/30/2012,1171,2016,402,0,646.04,12.5,Unknown
1454,7/7/2017,1018,2082,401,1,0,12.5,Credit
1455,8/2/2011,1184,2062,404,1,1672.27,5,Cash
1456,9/14/2020,1021,2017,404,3,463.7,7.5,Cash
1457,5/26/2015,1178,2077,404,1,505.65,20,Cash
1458,4/2/2009,1116,2065,404,3,470.34,15,Debit
1459,11/20/2022,1098,2045,402,1,280.93,5,Debit
1460,10/6/2013,1108,2077,401,3,1685.49,0,Cash
1461,9/19/2018,1187,2030,403,3,509.91,5,Debit
1462,5/18/2010,1139,2073,403,0,499.43,15,Credit
1463,10/17/2021,1009,2072,404,2,0,0,Digital Wallet
1464,1/21/2014,1028,2074,404,0,3297.5,5,Debit
1465,6/9/2008,1036,2093,403,3,0,12.5,Debit
1466,8/2/2023,1132,2010,401,1,0,0,Digital Wallet
1467,12/22/2012,1120,2080,401,2,665.81,10,Debit
1468,8/16/2017,1156,2006,403,0,198,0,Cash
1469,9/28/2011,1120,2058,404,2,1600.2,10,Credit
1470,12/12/2020,1107,2045,403,2,249.71,10,Credit Card
1471,6/29/2015,1042,2004,403,2,0,15,Credit
1472,7/20/2009,1015,2080,404,1,749.03,15,Credit
1473,10/27/2022,1146,2006,403,0,792,12.5,Credit Card
1474,8/27/2013,1073,2062,401,1,1114.85,10,Debit
1475,1/14/2018,1129,2009,403,2,0,10,Credit
1476,4/23/2010,1033,2078,403,2,340.82,0,Cash
1477,9/1/2021,1065,2001,401,1,371.12,3,Cash
1478,7/12/2014,1151,2094,402,3,493.35,0,Credit
1479,8/14/2008,1094,2022,403,1,0,15,Credit
1480,11/3/2023,1124,2023,401,2,2254.9,10,Digital Wallet
1481,10/9/2012,1021,2018,402,3,542.26,0,Debit
1482,3/23/2017,1192,2052,404,1,0,0,Cash
1483,10/24/2011,1169,2056,402,1,944.5,5,Debit
1484,11/7/2020,1147,2093,403,0,2267.82,8.5,Debit
1485,4/28/2015,1164,2033,401,0,836.25,25,Credit
1486,5/30/2009,1042,2059,404,3,3072.3,3,Credit
1487,12/13/2022,1077,2060,402,3,1633.52,3,Cash
1488,9/12/2013,1174,2090,404,3,286.56,0,Digital Wallet
1489,10/4/2018,1067,2018,404,0,2169.04,20,Debit
1490,3/16/2010,1073,2057,404,2,349.58,15,Credit
1491,8/10/2021,1135,2087,401,0,318.64,12.5,Debit
1492,8/26/2014,1136,2081,403,3,2238.66,12.5,Credit Card
1493,7/7/2008,1156,2083,403,2,1229.06,0,Digital Wallet
1494,10/1/2023,1069,2034,401,2,217.87,7.5,Credit
1495,11/19/2012,1167,2074,404,3,2638,100,Debit-Card
1496,6/7/2017,1197,2086,402,1,2414.07,10,Debit
1497,7/31/2011,1133,2043,402,2,1397.52,8.5,Cash
1498,12/25/2020,1140,2001,401,0,1237.05,0,Debit
1499,5/21/2015,1003,2052,401,0,731.26,5,Cash
1500,6/25/2009,1175,2057,403,1,1179.85,15,Digital Wallet
1501,11/9/2022,1185,2036,403,1,980.91,0,Credit
1502,10/30/2013,1008,2003,401,0,0,100,Credit
1503,5/5/2018,1152,2084,402,0,281.85,8.5,Debit
1504,4/8/2010,1181,2015,401,1,1214.95,20,Cash
1505,9/18/2021,1096,2084,402,0,0,20,Unknown
1506,2/11/2014,1178,2023,403,2,1503.26,15,Credit
1507,8/21/2008,1119,2084,401,3,0,8.5,Digital Wallet
1508,12/2/2023,1070,2098,404,2,1452.58,0,Debit
1509,12/6/2012,1065,2020,401,2,300.66,8.5,Credit Card
1510,7/21/2017,1198,2007,404,3,2333.56,0,Debit
1511,9/11/2011,1085,2007,403,2,933.42,7.5,Digital Wallet
1512,10/3/2020,1045,2056,401,3,3148.32,20,Cash
1513,3/17/2015,1051,2078,404,1,383.43,0,Cash
1514,7/4/2009,1165,2062,401,1,557.42,10,Unknown
1515,10/19/2022,1138,2098,404,1,817.07,0,Debit
1516,8/8/2013,1157,2082,401,3,1066.4,100,Cash
1517,12/17/2018,1183,2033,401,0,0,0,Digital Wallet
1518,5/21/2010,1018,2009,403,3,0,5,Unknown
1519,11/11/2021,1004,2063,402,0,552.46,20,Credit
1520,6/24/2014,1009,2085,404,2,193.72,5,Debit
1521,9/25/2008,1038,2089,403,3,1240.56,0,Credit
1523,10/2/2012,1111,2051,401,1,211.18,12.5,Unknown
1525,8/15/2011,1145,2068,403,2,656.19,15,Credit
1526,12/5/2020,1174,2038,404,0,1853.02,0,Digital Wallet
1527,4/21/2015,1161,2082,401,2,213.28,7.5,Cash
1529,12/6/2022,1194,2098,403,1,2451.22,15,Credit
1530,7/24/2013,1045,2070,401,3,102.54,3,Credit
1531,10/29/2018,1169,2024,403,3,621.35,100,Credit
1532,6/16/2010,1027,2080,403,3,2496.78,0,Debit-Card
1533,7/5/2021,1021,2080,404,1,2247.1,0,Cash
1534,1/8/2014,1035,2004,402,0,1854.5,8.5,Unknown
1535,10/30/2008,1184,2075,402,3,2341.92,0,Debit
1536,9/11/2023,1099,2008,403,3,66.59,10,Debit
1537,11/11/2012,1136,2057,401,0,1310.94,15,Cash
1538,6/30/2017,1086,2007,403,0,1750.17,0,Digital Wallet
1539,10/13/2011,1103,2015,402,3,2024.91,10,Unknown
1540,11/2/2020,1173,2068,402,1,0,5,Digital Wallet
1541,5/4/2015,1018,2004,402,3,927.25,0,Credit
1542,9/17/2009,1167,2002,404,0,866,100,Cash
1543,10/31/2022,1062,2089,402,0,2067.6,12.5,Cash
1544,8/31/2013,1044,2080,401,2,665.81,10,Cash
1545,3/14/2018,1024,2058,402,0,2000.25,0,Credit
1546,7/26/2010,1027,2014,404,1,443.34,0,Credit
1547,8/28/2021,1016,2025,404,2,671.09,15,Debit-Card
1548,3/5/2014,1188,2086,404,2,2861.12,0,Cash
1549,12/27/2008,1030,2087,402,2,382.37,15,Debit
1550,11/22/2023,1054,2097,401,1,2273.67,10,Cash
1551,12/17/2012,1085,2008,401,2,106.54,25,Unknown
1552,7/24/2017,1036,2096,404,1,1814.89,0,Debit-Card
1553,9/5/2011,1178,2047,402,3,1004.94,25,Cash
1554,10/20/2020,1062,2074,401,1,1187.1,20,Credit
1556,8/11/2009,1004,2062,401,0,2477.44,0,Credit
1557,12/15/2022,1001,2022,401,2,536.94,8.5,Credit Card
1558,7/29/2013,1106,2088,404,1,1276.83,15,Cash
1559,11/20/2018,1052,2018,403,3,2169.04,0,Credit
1560,4/14/2010,1105,2030,402,0,339.94,0,Cash
1561,9/24/2021,1152,2023,404,0,1879.08,0,Debit
1562,8/19/2014,1160,2038,403,3,0,20,Cash
1563,9/9/2008,1001,2071,402,1,1660.93,12.5,Cash
1564,10/26/2023,1030,2067,401,2,465.52,15,Credit
1565,11/23/2012,1194,2069,402,3,929.56,15,Debit
1566,8/9/2017,1197,2080,402,2,1331.62,12.5,Credit Card
1567,10/17/2011,1013,2024,401,1,335.53,0,Digital Wallet
1568,11/14/2020,1175,2060,404,1,735.08,20,Debit
1569,7/15/2015,1040,2085,401,0,484.3,5,Credit
1570,6/7/2009,1165,2046,403,1,60.17,0,Cash
1572,9/4/2013,1011,2013,401,1,1683.65,5,Debit
1573,12/22/2018,1040,2003,404,0,385.18,5,Cash
1574,3/11/2010,1018,2030,404,2,135.98,15,Cash
1575,8/2/2021,1107,2025,403,1,754.97,12.5,Credit Card
1576,5/2/2014,1199,2014,403,1,0,7.5,Debit-Card
1577,10/5/2008,1025,2030,404,1,0,10,Credit
1578,12/20/2023,1096,2028,401,3,2551.76,12.5,Cash
1579,12/1/2012,1149,2062,401,3,1858.08,12.5,Debit
1580,5/16/2017,1037,2027,404,1,465.5,12.5,Credit
1581,11/8/2011,1099,2047,402,3,0,3,Digital Wallet
1582,10/15/2020,1184,2024,403,2,198.83,0,Cash
1583,8/10/2015,1051,2042,402,0,167.61,0,Credit
1584,7/28/2009,1177,2072,401,2,672.48,20,Debit
1585,12/9/2022,1034,2014,404,3,985.2,100,Credit
1586,8/26/2013,1107,2021,403,1,751.87,15,Credit
1587,2/2/2018,1075,2077,402,1,2528.24,15,Cash
1588,4/19/2010,1147,2070,402,0,34.18,0,Credit
1589,9/7/2021,1105,2066,404,1,928.91,15,Credit
1590,6/6/2014,1151,2060,404,2,653.41,20,Credit
1591,11/16/2008,1003,2093,404,1,680.35,3,Credit
1592,10/8/2023,1063,2041,404,1,2171.37,10,Credit
1593,10/28/2012,1151,2019,401,3,933.93,20,Digital Wallet
1594,7/18/2017,1011,2005,404,0,428.78,10,Credit
1595,8/22/2011,1108,2067,404,3,290.95,5,Debit
1596,12/29/2020,1178,2012,404,3,623.19,100,Digital Wallet
1597,9/19/2015,1061,2010,401,3,389.2,10,Digital Wallet
1598,8/4/2009,1055,2016,403,2,0,12.5,Credit
1599,11/23/2022,1061,2082,401,0,266.6,100,Cash
1600,7/13/2013,1122,2085,403,1,217.94,100,Cash
1601,10/18/2018,1180,2058,401,3,666.75,0,Credit
1602,5/25/2010,1118,2098,402,3,907.86,20,Digital Wallet
1603,6/9/2021,1047,2047,404,0,334.98,5,Credit
1604,1/24/2014,1160,2009,404,2,0,7.5,Credit
1606,9/25/2023,1192,2034,402,0,0,7.5,Credit
1607,11/5/2012,1158,2042,401,2,402.26,5,Credit
1608,8/28/2017,1013,2014,404,2,197.04,7.5,Debit
1610,11/23/2020,1093,2022,401,1,604.06,0,Cash
1611,4/10/2015,1035,2042,402,0,335.22,8.5,Credit Card
1612,7/11/2009,1166,2061,402,1,179.93,10,Digital Wallet
1613,12/24/2022,1082,2045,403,3,312.14,12.5,Debit
1614,6/21/2013,1070,2006,401,2,633.6,10,Cash
1615,1/9/2018,1088,2057,404,0,436.98,0,Credit Card
1616,3/29/2010,1120,2090,403,3,214.92,7.5,Debit
1617,7/12/2021,1158,2047,401,1,904.45,15,Credit
1618,8/15/2014,1117,2011,401,3,0,15,Credit
1619,10/1/2008,1045,2036,401,0,217.98,7.5,Cash
1620,11/13/2023,1042,2035,401,1,809.99,10,Cash
1621,9/8/2012,1127,2019,402,0,933.93,0,Credit
1622,4/3/2017,1075,2053,402,3,2440.6,20,Debit-Card
1623,10/26/2011,1088,2053,404,0,610.15,0,Credit
1624,12/22/2020,1074,2024,401,0,248.54,12.5,Unknown
1625,7/29/2015,1059,2066,403,3,2064.24,100,Digital Wallet
1626,8/21/2009,1148,2043,403,3,873.45,8.5,Cash
1627,11/16/2022,1151,2085,404,3,726.45,12.5,Debit
1628,7/6/2013,1077,2072,402,2,1008.72,100,Unknown
1629,12/11/2018,1043,2033,402,3,836.25,0,Debit-Card
1630,4/26/2010,1095,2036,401,1,392.36,0,Cash
1631,10/10/2021,1090,2036,404,1,588.55,12.5,Credit
1632,2/28/2014,1158,2020,403,1,676.49,0,Digital Wallet
1633,11/20/2008,1044,2090,402,1,0,7.5,Debit-Card
1634,12/29/2023,1060,2014,401,2,591.12,15,Credit
1635,12/27/2012,1147,2016,404,2,516.83,10,Debit
1636,9/15/2017,1094,2023,402,0,1879.08,5,Debit
1637,11/12/2011,1170,2040,403,1,0,5,Debit
1638,11/26/2020,1095,2057,402,2,349.58,0,Debit
1639,8/27/2015,1031,2003,404,3,0,5,Debit-Card
1640,9/23/2009,1196,2018,404,2,433.81,0,Credit
1641,10/22/2022,1039,2000,403,2,775.45,0,Debit
1642,6/28/2013,1121,2037,402,3,1080.42,0,Credit
1643,11/14/2018,1086,2088,401,3,2837.4,0,Credit
1644,5/11/2010,1010,2017,401,2,1112.88,100,Digital Wallet
1645,9/3/2021,1006,2051,402,3,351.96,3,Cash
1646,3/22/2014,1091,2011,403,0,819.48,15,Cash
1647,12/9/2008,1155,2082,402,1,959.76,25,Debit
1648,11/5/2023,1005,2098,403,1,817.07,7.5,Cash
1649,10/14/2012,1005,2010,404,0,233.52,15,Credit
1650,5/21/2017,1131,2050,402,3,747.12,10,Digital Wallet
1651,11/25/2011,1081,2077,401,2,1797.86,0,Unknown
1652,12/8/2020,1101,2018,404,2,867.62,10,Debit
1653,9/8/2015,1098,2047,401,2,1071.94,0,Credit
1654,10/16/2009,1088,2044,403,3,830.32,0,Credit
1655,12/18/2022,1143,2011,402,3,1229.22,8.5,Debit
1656,7/31/2013,1189,2053,404,2,1464.36,10,Credit
1657,2/26/2018,1041,2093,404,3,2267.82,7.5,Credit
1658,6/30/2010,1035,2075,401,1,1405.15,0,Credit
1659,10/24/2021,1053,2038,404,2,2964.83,5,Digital Wallet
1660,4/3/2014,1016,2075,404,0,3122.56,3,Debit
1661,8/8/2008,1001,2052,403,3,731.26,10,Credit
1662,12/27/2023,1044,2071,404,1,553.64,15,Debit
1663,11/16/2012,1051,2023,404,2,0,8.5,Debit
1664,8/2/2017,1141,2062,401,2,1486.46,5,Digital Wallet
1665,12/9/2011,1149,2038,404,3,926.51,0,Cash
1666,11/19/2020,1057,2003,401,1,2079.97,0,Credit
1667,10/16/2015,1067,2038,404,0,926.51,100,Credit
1668,11/27/2009,1167,2085,403,3,242.15,0,Credit
1669,10/4/2022,1045,2062,402,0,1858.08,0,Cash
1670,6/14/2013,1030,2097,403,3,3368.4,15,Unknown
1671,9/26/2018,1017,2076,403,3,0,15,Credit
1672,7/30/2010,1144,2055,403,3,161.82,25,Credit
1673,8/13/2021,1177,2015,403,0,674.97,20,Credit
1674,5/20/2014,1066,2020,401,1,1014.74,12.5,Unknown
1675,9/3/2008,1081,2059,402,2,409.64,20,Credit
1676,11/30/2023,1041,2006,403,2,475.2,25,Credit
1678,7/10/2017,1074,2037,401,1,0,5,Cash
1679,8/1/2011,1196,2080,402,0,832.26,0,Debit
1680,12/15/2020,1153,2096,402,2,1075.49,3,Debit
1681,9/25/2015,1080,2087,403,2,127.46,0,Debit
1682,10/7/2009,1175,2089,403,0,2067.6,12.5,Credit
1683,12/11/2022,1136,2074,403,1,593.55,0,Credit Card
1684,5/19/2013,1003,2017,403,2,1112.88,10,Credit
1685,10/23/2018,1199,2062,404,2,990.98,15,Cash
1686,4/5/2010,1041,2013,402,1,1683.65,15,Debit
1687,7/26/2021,1128,2028,402,0,0,0,Credit
1688,8/8/2014,1106,2058,401,0,1333.5,20,Cash
1689,7/17/2008,1033,2002,404,2,1385.6,5,Debit-Card
1690,10/29/2023,1079,2088,403,1,2553.66,20,Cash
1691,8/13/2012,1113,2076,403,1,0,7.5,Debit
1692,3/7/2017,1181,2038,401,0,2779.53,0,Digital Wallet
1693,11/29/2011,1056,2016,402,1,872.15,0,Debit
1694,10/1/2020,1078,2016,402,1,872.15,25,Debit
1695,4/17/2015,1020,2054,401,0,1801.02,8.5,Digital Wallet
1696,11/10/2009,1004,2099,404,3,0,3,Credit
1697,11/8/2022,1010,2025,401,0,559.24,7.5,Digital Wallet
1698,4/9/2013,1168,2065,401,3,1411.02,0,Unknown
1699,9/9/2018,1030,2032,401,0,945.6,5,Credit
1700,3/4/2010,1077,2085,401,0,0,3,Debit
1701,6/18/2021,1005,2015,402,1,0,5,Digital Wallet
1702,7/4/2014,1047,2085,403,0,242.15,0,Credit Card
1703,8/25/2008,1023,2018,403,2,0,5,Debit-Card
1704,12/24/2023,1090,2020,402,0,751.66,0,Digital Wallet
1705,9/28/2012,1025,2074,401,1,593.55,10,Cash
1706,4/20/2017,1183,2024,403,1,335.53,7.5,Credit
1707,12/22/2011,1193,2068,401,0,820.24,7.5,Debit
1708,11/11/2020,1054,2064,404,2,235.23,0,Debit-Card
1710,12/3/2009,1172,2013,402,2,2244.86,5,Digital Wallet
1711,10/28/2022,1097,2054,402,1,810.46,25,Debit-Card
1712,5/24/2013,1104,2014,403,0,246.3,5,Credit Card
1713,10/7/2018,1119,2014,402,3,1231.5,5,Credit
1714,4/21/2010,1195,2046,403,0,100.29,25,Debit
1715,9/16/2021,1021,2041,404,0,0,5,Cash
1716,2/5/2014,1098,2036,404,2,0,0,Cash
1717,6/28/2008,1175,2056,402,3,2098.88,15,Credit
1718,11/2/2023,1074,2054,402,0,2701.53,0,Credit Card
1719,7/21/2012,1121,2086,403,1,3218.76,0,Credit
1720,12/29/2017,1003,2086,404,0,1788.2,15,Credit
1721,8/8/2011,1101,2056,401,0,524.72,0,Cash
1722,10/6/2020,1036,2050,404,0,747.12,0,Digital Wallet
1723,3/26/2015,1189,2021,401,2,1336.66,15,Debit-Card
1724,11/19/2009,1050,2043,402,3,873.45,0,Debit-Card
1725,12/2/2022,1031,2029,404,3,40.53,10,Cash
1726,4/28/2013,1071,2097,403,3,2526.3,5,Credit Card
1727,9/18/2018,1091,2060,404,3,1225.14,0,Credit
1728,5/8/2010,1130,2035,402,3,899.99,5,Credit
1729,8/20/2021,1027,2015,403,3,0,5,Cash
1730,7/25/2014,1127,2029,402,0,40.53,0,Cash
1731,7/12/2008,1025,2094,401,0,1973.4,0,Digital Wallet
1733,8/6/2012,1097,2077,403,1,2022.59,10,Unknown
1734,3/16/2017,1077,2079,401,0,1901.08,10,Debit
1735,9/2/2011,1169,2096,404,3,672.18,100,Credit
1736,12/1/2020,1051,2037,404,3,1800.7,0,Credit
1737,6/5/2015,1129,2033,403,0,1672.5,0,Credit
1738,10/22/2009,1195,2004,404,0,2781.75,20,Credit
1739,11/18/2022,1098,2057,403,3,1310.94,20,Cash
1740,5/7/2013,1113,2058,401,0,2000.25,3,Credit
1741,10/12/2018,1045,2071,403,1,0,0,Debit-Card
1742,6/19/2010,1125,2055,402,2,86.3,5,Credit
1743,7/9/2021,1183,2049,404,0,1879.68,10,Cash
1744,1/12/2014,1145,2086,404,3,2682.3,15,Credit
1745,8/3/2008,1121,2071,402,0,1845.48,0,Credit
1746,12/4/2023,1100,2033,404,3,2508.75,10,Debit
1747,9/11/2012,1157,2086,403,2,1430.56,0,Credit
1748,4/24/2017,1082,2007,401,0,1750.17,5,Debit-Card
1749,10/3/2011,1032,2046,403,0,167.15,15,Debit-Card
1750,9/28/2020,1195,2080,403,3,3329.04,25,Debit-Card
1751,7/3/2015,1024,2054,403,2,0,0,Credit Card
1752,12/15/2009,1105,2044,401,1,373.64,25,Cash
1753,10/13/2022,1063,2030,403,0,509.91,0,Debit
1754,4/16/2013,1176,2008,403,0,133.18,0,Cash
1755,8/28/2018,1086,2021,401,2,2004.98,0,Debit
1756,3/18/2010,1009,2058,404,3,2000.25,0,Credit
1757,8/25/2021,1068,2002,404,0,0,5,Digital Wallet
1758,6/30/2014,1081,2048,404,2,572.21,0,Digital Wallet
1759,9/14/2008,1146,2012,404,0,623.19,5,Cash
1760,11/21/2023,1176,2086,402,2,1430.56,15,Credit
1761,7/24/2012,1127,2064,403,1,529.27,8.5,Credit Card
1763,11/15/2011,1051,2063,401,1,0,10,Cash
1764,12/20/2020,1073,2033,401,2,1338,12.5,Cash
1765,5/14/2015,1146,2051,402,0,0,12.5,Unknown
1766,10/30/2009,1183,2074,401,2,0,15,Credit
1767,12/25/2022,1069,2008,404,3,66.59,0,Credit
1768,5/29/2013,1053,2044,401,2,332.13,15,Credit
1769,9/4/2018,1129,2038,404,2,0,25,Debit-Card
1770,4/30/2010,1051,2053,404,2,488.12,15,Cash
1771,7/31/2021,1159,2065,404,1,1693.22,25,Credit
1772,8/23/2014,1004,2080,402,3,3329.04,15,Credit
1773,7/20/2008,1054,2084,404,2,901.92,0,Credit
1774,10/25/2023,1163,2068,404,0,1640.48,3,Cash
1775,8/9/2012,1133,2025,403,3,838.86,0,Cash
1776,1/23/2017,1037,2030,402,2,271.95,100,Unknown
1777,12/5/2011,1111,2052,403,0,731.26,0,Debit-Card
1778,11/4/2020,1162,2026,404,2,169.25,5,Digital Wallet
1779,6/18/2015,1073,2082,402,2,213.28,15,Credit
1780,11/24/2009,1175,2076,402,3,806.07,0,Cash
1781,10/7/2022,1061,2014,402,1,665.01,5,Cash
1782,4/5/2013,1007,2031,403,3,1695.9,5,Credit
1783,8/11/2018,1124,2071,404,3,1845.48,0,Credit
1784,3/26/2010,1165,2004,402,1,1669.05,0,Digital Wallet
1785,9/10/2021,1069,2017,401,2,0,25,Credit
1786,7/17/2014,1071,2084,402,0,281.85,3,Credit
1787,6/23/2008,1184,2062,401,0,2477.44,15,Debit
1788,12/15/2023,1021,2040,403,0,69.08,5,Credit Card
1789,9/16/2012,1104,2046,401,3,167.15,5,Cash
1790,2/28/2017,1185,2017,402,0,1854.8,15,Cash
1791,10/10/2011,1146,2094,401,2,789.36,3,Digital Wallet
1792,10/29/2020,1127,2011,402,0,409.74,100,Cash
1793,8/19/2015,1197,2040,403,3,138.16,5,Credit Card
1794,12/8/2009,1191,2095,402,3,1963.16,0,Debit
1795,11/6/2022,1055,2018,401,1,488.03,5,Credit
1796,3/21/2013,1054,2035,404,3,899.99,5,Credit
1798,8/3/2010,1136,2047,401,2,267.98,0,Debit
1799,8/8/2021,1139,2054,404,1,3241.84,100,Digital Wallet
1800,9/10/2014,1071,2018,403,3,0,100,Debit
1801,5/15/2008,1183,2047,403,0,1004.94,5,Debit
1802,9/20/2023,1165,2077,401,0,1685.49,15,Credit
1803,10/18/2012,1176,2085,402,2,581.16,100,Digital Wallet
1804,5/3/2017,1141,2049,403,2,1503.74,20,Credit Card
1805,11/21/2011,1175,2015,402,3,674.97,15,Unknown
1806,12/11/2020,1099,2001,404,2,0,0,Digital Wallet
1807,7/22/2015,1077,2011,402,2,655.58,0,Credit
1808,8/6/2009,1053,2020,404,2,601.33,10,Credit
1809,10/1/2022,1196,2082,404,0,533.2,0,Credit
1810,3/14/2013,1070,2010,404,3,311.36,3,Credit Card
1811,8/6/2018,1188,2052,403,3,2925.04,20,Credit
1812,2/25/2010,1025,2020,403,0,375.83,3,Credit
1813,7/15/2021,1090,2053,403,3,1830.45,15,Cash
1814,6/13/2014,1177,2003,401,1,346.66,0,Digital Wallet
1815,7/5/2008,1161,2056,402,0,1049.44,5,Debit
1816,12/18/2023,1102,2025,403,2,0,8.5,Debit
1817,8/22/2012,1147,2010,401,1,70.06,25,Credit
1818,1/26/2017,1063,2066,402,3,516.06,20,Credit
1819,12/14/2011,1081,2057,404,1,786.56,0,Credit
1820,11/21/2020,1066,2022,403,2,536.94,25,Cash
1821,9/27/2015,1050,2010,404,2,62.27,5,Credit
1822,10/4/2009,1046,2050,404,1,336.2,7.5,Credit
1824,4/27/2013,1118,2025,403,1,0,3,Credit
1825,9/13/2018,1012,2051,404,2,93.86,5,Credit
1826,3/9/2010,1038,2011,403,1,1475.06,20,Credit
1827,6/28/2021,1145,2015,401,3,2024.91,8.5,Credit Card
1828,8/1/2014,1197,2058,404,0,666.75,8.5,Debit
1829,6/17/2008,1057,2091,402,1,815.21,12.5,Cash
1830,10/10/2023,1005,2034,403,3,544.68,20,Digital Wallet
1831,7/28/2012,1097,2016,404,1,290.72,0,Digital Wallet
1832,12/18/2017,1153,2027,403,1,698.25,15,Credit Card
1833,11/3/2011,1107,2023,404,1,2536.76,0,Credit Card
1834,10/13/2020,1007,2037,403,1,648.25,5,Unknown
1835,8/29/2015,1158,2057,402,2,699.17,10,Digital Wallet
1836,12/12/2009,1149,2087,404,0,637.28,15,Credit
1837,12/23/2022,1002,2060,402,2,326.7,3,Credit
1838,5/13/2013,1177,2050,402,3,186.78,100,Digital Wallet
1839,10/21/2018,1181,2054,403,0,1801.02,0,Debit
1840,2/19/2010,1024,2071,401,0,615.16,100,Cash
1841,9/5/2021,1085,2030,404,2,407.93,7.5,Credit
1842,7/8/2014,1155,2085,401,0,726.45,5,Debit
1843,8/11/2008,1064,2064,404,2,940.93,15,Credit
1844,11/28/2023,1101,2085,403,1,217.94,15,Cash
1845,6/25/2012,1143,2005,402,2,343.02,15,Unknown
1846,1/12/2017,1043,2064,404,2,235.23,10,Cash
1847,12/27/2011,1119,2016,401,2,258.42,25,Credit
1848,12/31/2020,1181,2067,404,1,523.71,0,Credit
1849,10/24/2015,1066,2014,403,0,0,20,Credit
1850,11/2/2009,1032,2063,403,2,441.97,0,Debit
1851,10/30/2022,1110,2036,403,2,348.77,10,Digital Wallet
1852,4/1/2013,1132,2040,404,1,124.34,5,Digital Wallet
1853,7/17/2018,1080,2094,404,1,0,0,Cash
1854,1/28/2010,1142,2084,404,0,0,3,Digital Wallet
1855,8/30/2021,1048,2019,401,1,840.54,0,Debit
1856,9/19/2014,1046,2004,404,2,741.8,3,Credit Card
1857,5/26/2008,1041,2090,404,3,358.2,15,Debit
