CustomerID,Name,Region,JoinDate,LoyaltyPoints,CustomerTier
1000,Robert Gomez,West,2024-02-25,1250,Silver
1001,John Silva,East,2020-12-01,,Gold
1002,Mark Marshall,Central,2020-08-08,-50,Bronze
1003,David Brennan,North,2020-05-21,4800,platinum
1004,Kerry Collins,North,2023-09-12,320,BRONZE
1005,Jessica Mora,South,2021-08-05,2150,Silver
1006,Hannah Ray,West,2021-07-03,1800,Silver
1007,David Kim,West,2020-05-20,5200,Platinum
1008,William Ramirez,EAST,2023-09-15,150,
1009,Zachary Bell Jr.,East,2023-04-20,890,Silver
1010,Mike Davis,East,2022-03-23,3100,Gold
1011,Amanda Myers,West,2021-09-05,1950,Silver
1012,Tara Miller,North,2020-08-10,6100,Platinum
1013,Alyssa Morgan,North,2022-07-22,2700,Gold
1014,Cindy Woods,East,2024-04-02,50,Bronze
1015,Jennifer Rodgers,North,2023-02-12,1300,Silver
1016,Andrea Roberts,EAST,2021-05-16,2450,Gold
1017,Brittney Burnett,North,2020-07-03,4300,Platinum
1018,Edwin Garrison,south-west,2020-08-31,1700,Silver
1019,Michelle Torres,Central,2020-11-18,2900,Gold
1020,Michelle Brewer,East,2021-07-14,2100,Silver
1021,Aaron Burnett,South,2024-02-13,100,Bronze
1022,Austin Gutierrez,EAST,2021-11-25,1850,Silver
1023,Dustin Medina,east,2021-06-14,2550,Gold
1024,Andres Avila,Central,2022-09-19,3200,Gold
1025,Garrett Lewis,South,2023-08-04,950,Silver
1026,Gary Walls,North,2023-10-05,1100,Silver
1027,Anthony Schroeder,east,2020-10-04,4700,Platinum
1028,Haley Wagner,West,2023-11-03,650,Bronze
1029,Gina Powers,West,2022-10-26,2250,Silver
1030,Alice Robinson,EAST,2021-08-06,1950,Silver
1031,Jessica Frazier,West,2021-10-20,2800,Gold
1032,Terri Long,east,2022-10-23,1650,Silver
1033,Paul Perkins,east,2022-03-16,2350,Gold
1034,Heather Smith,Central,2022-09-16,3050,Gold
1035,Lorraine Rodriguez,East,2022-09-26,1900,Silver
1036,Robert Bishop,south-west,2020-09-14,5400,Platinum
1037,Lisa Sanders,West,2020-06-03,4900,Platinum
1038,Jason Ford,EAST,2023-10-09,750,Bronze
1039,Brandy Good,West,2023-05-21,1350,Silver
1040,Angel Lee,Central,2022-04-08,2650,Gold
1041,David Beltran,east,2021-01-18,2050,Silver
1042,Christopher Dodson,North,2023-10-30,850,Bronze
1043,Eric Pena,West,2022-06-30,3150,Gold
1044,Anita Huerta,East,2022-04-08,1750,Silver
1045,Dr. Susan Bailey,North,2020-10-02,5800,Platinum
1046,Tyler Colon,Central,2021-03-03,1450,Silver
1047,Ashley Pearson,West,2020-10-04,5100,Platinum
1048,Dr. Donald Proctor,North,2024-03-17,200,Bronze
1049,Rebecca Jordan,West,2022-10-08,1950,Silver
1050,Jeffrey Mclaughlin,EAST,2022-03-28,2750,Gold
1051,Amy Nguyen,Central,2024-02-13,300,Bronze
1052,Brandon Hinton,south-west,2022-11-10,1550,Silver
1053,Benjamin Cline,east,2022-01-25,3250,Gold
1054,Laura Mcdonald,South,2022-12-03,1850,Silver
1055,William Benitez,east,2020-11-04,4500,Platinum
1056,Kristina Wilson,east,2023-05-15,1050,Silver
1057,Kathy Hall,North,2023-10-27,950,Silver
1058,Steven Jackson,Central,2020-06-26,4950,Platinum
1059,Steve Massey,West,2020-08-06,5300,Platinum
1060,Mr. Christopher Thompson,South,2023-04-10,550,Bronze
1061,Taylor Kaufman,North,2021-07-23,2250,Silver
1062,Ashley Harmon,South,2024-02-13,150,Bronze
1063,Howard Case,south-west,2021-02-15,3350,Gold
1064,Joshua Cline,EAST,2024-02-19,400,Bronze
1065,Daniel Adams,Central,2023-07-02,1150,Silver
1066,Derrick Myers,North,2022-04-06,2950,Gold
1067,Lawrence Pearson,east,2023-04-29,1250,Silver
1068,Melissa Gutierrez,East,2023-12-25,700,Bronze
1069,Virginia Warren,North,2023-08-24,1650,Silver
1070,Brittany Johnson,East,2021-06-04,2450,Gold
1071,Christopher Frost,east,2020-08-21,4600,Platinum
1072,Shannon Schmitt,EAST,2022-08-23,2050,Silver
1073,Matthew Clark,Central,2023-08-21,950,Silver
1074,Alyssa Evans,West,2021-10-27,2850,Gold
1075,Joseph Chavez,North,2023-01-01,1350,Silver
1076,Glenn Shelton,east,2024-05-01,250,Bronze
1077,Amy Espinoza,North,2021-05-29,2150,Silver
1078,Danielle Fuller,south-west,2023-12-08,850,Bronze
1079,Zachary Thompson MD,EAST,2022-09-05,3450,Gold
1080,Thomas Parker,south-west,2023-02-28,1450,Silver
1081,Ryan White,South,2020-09-04,4200,Platinum
1082,Connor Martin,Central,2023-01-05,1050,Silver
1083,Jacqueline Bishop,South,2020-06-05,4750,Platinum
1084,Martha Mccall,North,2022-05-31,1950,Silver
1085,Steven Wright,Central,2021-08-22,2550,Gold
1086,Robert Rodriguez,EAST,2023-03-01,1150,Silver
1087,Carla Tran,EAST,2020-07-22,5000,Platinum
1088,Lindsay Torres,east,2021-12-30,1750,Silver
1089,Matthew Hernandez,North,2023-04-12,1250,Silver
1090,Nicholas Dunlap,South,2020-10-11,4400,Platinum
1091,Brianna Thomas,south-west,2023-05-23,950,Silver
1092,Timothy Hill,West,2023-09-07,1350,Silver
1093,Christian Medina,East,2023-02-04,1050,Silver
1094,Robert Jones,West,2023-11-18,850,Bronze
1095,Dr. Jason Scott,South,2021-04-07,2950,Gold
1096,Patricia Rogers,South,2024-01-10,450,Bronze
1097,Laura Jones,EAST,2023-12-07,750,Bronze
1098,Jeffrey Maxwell,West,2022-01-27,2250,Silver
1099,Lori Howard,EAST,2021-02-27,2650,Gold
1100,Michael Simon,EAST,2020-12-27,4850,Platinum
1101,Ryan Martin,south-west,2020-11-14,4150,Platinum
1102,Robert Hansen,Central,2022-11-19,1850,Silver
1103,Megan Chandler,East,2023-06-25,1150,Silver
1104,David Herrera,West,2021-04-01,2750,Gold
1105,Taylor Clarke,Central,2023-03-11,950,Silver
1106,Jennifer Ewing,east,2023-05-16,1450,Silver
1107,Emily Hoffman,West,2023-06-09,1050,Silver
1108,Sharon Bautista,Central,2022-07-31,2350,Gold
1109,Aaron Garcia,EAST,2023-07-31,850,Bronze
1110,Melissa Grimes,South,2024-03-14,350,Bronze
1111,Ronald Chavez,south-west,2021-06-24,3150,Gold
1112,Joseph Flores,East,2021-04-03,2250,Silver
1113,Louis Jones,Central,2021-07-04,1950,Silver
1114,Grace Price,South,2022-03-25,1650,Silver
1115,Gina Banks,West,2023-09-16,1250,Silver
1116,Melissa Rivera,Central,2021-10-25,2450,Gold
1117,Amanda Lang,North,2024-04-14,200,Bronze
1118,Briana Alvarado,South,2022-03-18,1750,Silver
1119,Cameron Hernandez,east,2022-08-08,2050,Silver
1120,Daniel Meyer,South,2024-03-15,300,Bronze
1121,Stephanie Garrison,East,2020-08-21,4550,Platinum
1122,Christopher Martinez,east,2021-10-07,2350,Gold
1123,Colleen Greene,south-west,2022-08-21,1550,Silver
1124,Megan Novak,East,2022-12-19,1350,Silver
1125,Debbie Andrews,West,2021-05-22,2150,Silver
1126,Lee Luna,east,2021-01-19,2850,Gold
1127,George Edwards,Central,2023-05-12,1050,Silver
1128,Vincent Day,North,2022-07-03,1850,Silver
1129,Karina Jones,East,2023-11-05,750,Bronze
1130,Mary Sandoval,North,2020-10-06,4700,Platinum
1131,Mark Gomez,West,2020-06-11,4900,Platinum
1132,Scott Winters,West,2022-09-20,1650,Silver
1133,Victor Wagner,south-west,2021-06-12,3250,Gold
1134,Joseph Aguilar,West,2023-12-05,650,Bronze
1135,Christopher Chen,South,2023-09-10,1150,Silver
1136,Scott Hernandez,South,2024-02-09,500,Bronze
1137,Jessica Harmon,south-west,2022-11-05,1450,Silver
1138,Bonnie Stewart,South,2022-04-19,1750,Silver
1139,Heather Olson,Central,2021-04-20,2550,Gold
1140,Carla Flores,EAST,2020-09-30,5050,Platinum
1141,David Palmer,North,2022-09-16,1950,Silver
1142,Marvin Hamilton,North,2022-04-23,1650,Silver
1143,Miss Chelsea Castro DDS,Central,2021-02-23,2950,Gold
1144,Brian Browning,EAST,2023-05-03,950,Silver
1145,Stephanie Powell,east,2023-02-03,1250,Silver
1146,Jonathan Andrade,south-west,2020-06-07,5200,Platinum
1147,William Palmer,south-west,2023-08-14,850,Bronze
1148,Dean Allison,West,2021-06-23,2250,Silver
1149,Jordan Elliott,North,2020-05-13,5400,Platinum
1150,Bobby Hunter,North,2020-12-06,4600,Platinum
1151,Sabrina Lester,West,2022-07-16,1550,Silver
1152,Thomas Garcia,east,2022-09-14,1850,Silver
1153,Michelle Martinez,East,2023-07-31,1050,Silver
1154,Edward Castillo,North,2020-10-01,4800,Platinum
1155,Rachel Goodman,North,2023-04-10,950,Silver
1156,Dennis Acevedo,East,2023-06-18,1150,Silver
1157,Cheryl Wu,West,2021-12-10,1950,Silver
1158,Kelly Gallagher,East,2024-03-02,400,Bronze
1159,Kelli Smith,North,2022-01-28,1750,Silver
1160,Phillip Soto,West,2023-04-21,1250,Silver
1161,David Ellis,East,2023-01-02,1350,Silver
1162,Deborah Rice,east,2022-01-14,2050,Silver
1163,Elizabeth Vaughn,West,2023-05-01,950,Silver
1164,William Ramsey,North,2023-05-04,1150,Silver
1165,Richard Burnett,Central,2022-07-24,2350,Gold
1166,David Mccullough,south-west,2021-12-15,3150,Gold
1167,Terry Frederick,North,2021-12-20,1850,Silver
1168,Denise Gonzales,South,2022-05-02,1550,Silver
1169,Michael Edwards,south-west,2023-09-26,1050,Silver
1170,Eric Davis,North,2023-10-15,1250,Silver
1171,Ronald Marquez,south-west,2024-04-21,250,Bronze
1172,Eric Barr,EAST,2023-02-01,1350,Silver
1173,David King MD,North,2022-09-14,1950,Silver
1174,Deborah Saunders,West,2021-12-25,1650,Silver
1175,Teresa Lopez,West,2021-10-20,2150,Silver
1176,Ashley Williams,EAST,2021-11-24,1850,Silver
1177,Katherine West,east,2020-11-01,4450,Platinum
1178,Katherine Kerr,EAST,2020-11-13,4750,Platinum
1179,Desiree Miller,EAST,2021-12-21,1750,Silver
1180,Jennifer Smith,south-west,2020-10-03,4950,Platinum
1181,Tiffany Smith,East,2024-04-07,300,Bronze
1182,James Gray,West,2020-07-24,5100,Platinum
1183,Kenneth Graves,East,2020-05-08,5500,Platinum
1184,Brittney Chen,EAST,2023-07-20,950,Silver
1185,Cameron Levine,east,2021-07-26,2650,Gold
1186,Timothy Williams,West,2021-09-28,1950,Silver
1187,Kayla Solomon,North,2022-06-10,1550,Silver
1188,Ashley Todd,North,2023-09-04,1150,Silver
1189,Jennifer Farrell,North,2022-11-18,1350,Silver
1190,Elizabeth Robinson,south-west,2023-12-27,650,Bronze
1191,Kyle Smith Jr.,South,2023-10-31,850,Bronze
1192,Gregory Medina,EAST,2020-06-06,4850,Platinum
1193,Nancy King,South,2022-05-23,1650,Silver
1194,Casey Brown,Central,2024-02-09,350,Bronze
1195,Michael Lee,south-west,2023-08-22,1050,Silver
1196,Dr. Elizabeth Johnston DDS,North,2022-02-09,2250,Silver
1197,William Wilson,West,2023-04-04,1250,Silver
1198,Chris Allen,south-west,2022-10-11,1450,Silver
1199,James Cooley,West,2020-07-23,4950,Platinum
1005,Jessica Mora,South,2021-08-05,2150,Silver