TransactionID,SaleDate,CustomerID,ProductID,StoreID,CampaignID,SaleAmount,DiscountPercent,PaymentType
1,2018-07-12,1034,2059,402,0.0,2048.2,25.0,CREDIT
2,2005-11-03,1066,2048,403,1.0,321.87,15.0,Digital
3,2022-03-22,1116,2041,403,3.0,3216.84,0.0,Digital
4,2015-08-19,1071,2096,404,2.0,1613.23,-5.0,Digital
5,2008-12-07,1020,2060,401,0.0,408.38,10.0,
6,2020-05-14,1089,2028,401,0.0,1275.88,15.0,Debit Card
7,2011-09-28,1193,2003,402,1.0,346.66,3.0,Debit
8,2003-06-11,1005,2079,402,1.0,855.49,0.0,Cash
9,2019-02-25,1032,2060,401,1.0,735.08,8.5,Cash
10,2007-10-30,1119,2089,403,2.0,661.63,10.0,Debit
11,2024-01-18,1042,2077,401,,505.65,10.0,Debit
12,2016-04-09,1079,2013,401,2.0,0.0,8.5,credit
13,2009-07-23,1147,2086,404,3.0,4470.5,5.0,Debit
14,2021-11-16,1183,2025,401,1.0,503.32,0.0,Credit Card
15,2013-08-05,1026,2089,403,0.0,413.52,0.0,Credit Card
16,2006-12-14,1144,2005,403,3.0,1715.12,,Debit
17,2017-05-29,1169,2047,401,2.0,535.97,15.0,Cash
18,2023-09-07,1003,2053,404,0.0,3660.9,15.0,credit
19,2010-03-17,1110,2046,404,1.0,30.09,8.5,Digital
20,2014-06-24,1111,2022,403,3.0,671.18,,Digital
21,2004-08-12,1119,2055,403,2.0,?,5.0,Digital
22,2012-10-31,1062,2011,403,3.0,1229.22,8.5,Cash
23,2025-02-28,1062,2096,404,3.0,672.18,12.5,Credit Card
24,2001-04-26,1086,2003,404,2.0,924.43,8.5,CASH
25,2018-12-03,1046,2062,402,2.0,1981.95,5.0,Debit Card
26,2007-07-19,1066,2043,403,2.0,698.76,3.0,Debit Card
27,2019-09-14,1142,2001,402,0.0,1237.05,3.0,Credit Card
28,2015-01-22,1061,2092,404,3.0,482.21,15.0,Debit Card
29,2002-11-08,1142,2097,402,3.0,4210.5,3.0,Debit Card
30,2020-08-17,1165,2091,404,3.0,4528.95,25.0,Digital
31,2003-12-01,1004,2011,403,1.0,737.53,150.0,Debit
32,2016-03-11,1103,2088,402,2.0,0.0,3.0,CASH
33,2009-05-24,1169,2074,403,3.0,0.0,150.0,credit
34,2022-07-30,1141,2067,403,3.0,872.85,15.0,Debit-Card
35,2011-02-13,1190,2070,403,2.0,54.69,7.5,Digital
36,2017-10-08,1179,2058,403,2.0,1066.8,25.0,Digital
37,2005-04-21,1064,2029,401,1.0,12.16,10.0,
38,2024-06-05,1080,2015,402,1.0,3037.36,5.0,Digital
39,2013-01-29,1055,2094,404,2.0,1578.72,5.0,Debit
40,2008-08-16,1185,2075,403,0.0,0.0,12.5,
41,2019-11-22,9999,2037,402,2.0,288.11,10.0,Digital
42,2001-07-09,1045,2038,401,1.0,1667.72,150.0,CASH
43,2021-04-02,1070,2005,401,2.0,686.05,25.0,Cash
44,2014-12-27,1178,2016,404,0.0,0.0,5.0,Digital
45,2006-03-15,1003,2073,403,3.0,1498.29,-5.0,Digital
46,2023-05-19,1122,2056,403,1.0,944.5,150.0,Cash
47,2010-09-04,1013,2032,404,0.0,2836.8,5.0,Credit
48,2018-02-11,1016,2051,404,0.0,117.32,10.0,Digital
49,2004-10-28,1147,2080,401,1.0,0.0,12.5,Cash
50,2012-06-13,1038,2072,403,0.0,840.6,7.5,CREDIT
51,2020-01-25,1063,2015,404,1.0,1214.95,8.5,Credit Card
52,2007-11-07,1198,2066,404,3.0,516.06,0.0,Credit Card
53,2015-08-03,1113,2038,404,2.0,2223.62,5.0,credit
54,2009-04-18,1145,2079,401,0.0,1901.08,7.5,credit
55,2022-12-09,1195,2026,402,2.0,507.74,7.5,CREDIT
56,2013-07-22,1169,2010,402,1.0,140.11,10.0,Credit
57,2002-05-14,1044,2070,401,1.0,0.0,,
58,2017-03-06,1000,2052,404,3.0,2193.78,0.0,Cash
59,2024-09-21,1074,2004,402,2.0,741.8,25.0,Credit
60,2011-10-12,1180,2036,404,0.0,217.98,8.5,Debit
61,2016-05-29,1175,2029,403,1.0,36.48,12.5,Debit
62,2008-02-24,1108,2014,402,1.0,221.67,15.0,Debit
63,2019-12-16,1068,2018,401,0.0,2169.04,,CASH
64,2005-09-01,1042,2039,403,3.0,2929.32,10.0,Credit
65,2021-07-08,1031,2059,403,3.0,0.0,10.0,Cash
66,2014-03-25,1069,2064,404,3.0,1470.2,25.0,Debit-Card
67,2003-01-19,1020,2076,401,3.0,4836.42,-5.0,Cash
68,2023-08-14,1188,2041,403,0.0,1608.42,7.5,Debit Card
69,2010-06-07,1023,2029,401,2.0,0.0,-5.0,Debit-Card
70,2017-11-30,1147,2005,402,3.0,0.0,0.0,Debit Card
71,2006-04-03,1132,2083,404,2.0,614.53,7.5,credit
72,2020-10-26,1046,2074,404,3.0,659.5,-5.0,Cash
73,2012-08-11,1023,2060,403,3.0,1225.14,10.0,Credit
74,2001-12-28,1085,2041,401,1.0,1447.58,20.0,
75,2018-05-17,1084,2052,404,2.0,2925.04,5.0,credit
76,2004-07-02,1169,2051,401,3.0,117.32,15.0,Credit
77,2022-02-14,1022,2040,403,2.0,55.26,8.5,Debit-Card
78,2015-09-23,1029,2098,404,0.0,3631.44,20.0,Cash
79,2009-11-05,1168,2069,404,3.0,232.39,5.0,Digital
80,2013-04-20,1013,2024,403,3.0,372.81,7.5,Credit
81,2024-03-12,1160,2056,401,1.0,472.25,25.0,CREDIT
82,2007-01-27,1068,2070,402,2.0,109.38,15.0,Debit
83,2016-12-04,1112,2089,404,0.0,2067.6,-5.0,Credit Card
84,2002-08-09,1007,2080,402,1.0,1498.07,15.0,Cash
85,2021-05-31,1079,2070,401,3.0,34.18,5.0,Digital
86,2010-02-16,1023,2028,401,3.0,2551.76,10.0,Digital
87,2019-08-07,1030,2082,402,3.0,799.8,7.5,CREDIT
88,2005-06-18,1183,2037,403,3.0,2160.84,-5.0,Debit
89,2014-10-13,1123,2060,402,3.0,2450.28,3.0,CASH
90,2008-03-26,1141,2018,404,1.0,2440.17,150.0,
91,2023-01-09,1153,2065,402,0.0,470.34,,Cash
92,2011-12-21,1070,2098,404,2.0,0.0,0.0,credit
93,2003-04-08,1129,2034,401,2.0,108.94,20.0,Cash
94,2017-07-15,1185,2038,404,1.0,1667.72,3.0,credit
95,2020-04-28,1114,2068,404,2.0,656.19,15.0,Debit-Card
96,2012-09-02,1085,2070,404,3.0,0.0,15.0,Cash
97,2006-11-25,1082,2024,402,3.0,372.81,15.0,
98,2018-10-19,1059,2099,404,0.0,1292.64,-5.0,Credit
99,2001-05-12,1081,2095,404,3.0,490.79,3.0,Digital
100,2015-02-06,1098,2084,402,3.0,0.0,-5.0,
101,2013-08-14,1009,2016,403,0.0,969.06,3.0,CREDIT
102,2004-11-27,1112,2012,404,0.0,1869.57,12.5,credit
103,2021-06-09,1184,2018,404,1.0,488.03,15.0,Debit
104,2009-03-18,1019,2060,403,2.0,0.0,5.0,Debit
105,2017-12-03,1159,2088,404,0.0,0.0,5.0,Credit
106,2002-07-22,1084,2086,404,2.0,2861.12,5.0,credit
107,2023-04-11,1160,2091,404,0.0,905.79,15.0,credit
108,2010-10-05,1158,2008,402,2.0,159.82,5.0,Debit Card
109,2018-01-29,1058,2095,401,3.0,2453.95,12.5,Credit Card
110,2005-12-16,1025,2097,401,3.0,842.1,10.0,Credit Card
111,2014-05-24,1042,2088,403,0.0,709.35,25.0,credit
112,2020-09-07,1011,2041,401,2.0,0.0,3.0,Digital
113,2007-02-28,1091,2047,404,1.0,0.0,15.0,Credit Card
114,2019-07-12,1062,2067,404,1.0,0.0,7.5,
115,2003-08-19,1043,2022,401,3.0,2684.72,150.0,Debit Card
116,2022-11-25,1158,2087,402,3.0,477.96,10.0,Debit-Card
117,2011-04-08,1149,2018,402,3.0,1626.78,0.0,Cash
118,2016-09-21,1163,2032,404,2.0,756.48,-5.0,Credit
119,2008-06-14,1170,2001,404,2.0,659.76,-5.0,Debit
120,2024-02-03,1173,2069,402,0.0,464.78,10.0,Credit
121,2015-10-17,1113,2044,403,3.0,0.0,5.0,Credit
122,2001-03-30,1176,2032,404,2.0,756.48,15.0,Debit
123,2012-12-11,1050,2049,404,0.0,2819.52,10.0,
124,2021-08-26,1060,2048,403,2.0,1144.42,25.0,Debit
125,2006-05-07,1179,2037,401,3.0,1440.56,10.0,Cash
126,2017-01-20,1070,2001,401,3.0,0.0,10.0,Cash
127,2004-09-13,1073,2099,402,2.0,0.0,10.0,Digital
128,2019-11-04,1056,2081,402,2.0,0.0,20.0,Digital
129,2010-07-29,1173,2096,402,0.0,672.18,0.0,Debit
130,2023-06-16,1160,2082,401,2.0,426.56,-5.0,Cash
131,2002-04-02,1112,2004,403,1.0,1669.05,0.0,CREDIT
132,2018-03-25,1023,2037,403,3.0,2160.84,-5.0,Credit
133,2009-12-08,1044,2025,402,2.0,223.7,7.5,Credit
134,2014-08-31,1135,2064,403,1.0,793.91,5.0,Debit Card
135,2007-05-22,1065,2061,403,2.0,639.74,0.0,Credit
136,2020-12-15,1029,2059,401,1.0,921.69,15.0,Credit
137,2011-09-06,1193,2028,404,2.0,1531.06,8.5,Cash
138,2016-02-19,1023,2050,401,2.0,298.85,-5.0,Credit
139,2003-10-24,1137,2015,404,2.0,539.98,-5.0,Cash
140,2022-05-07,1172,2095,403,3.0,2453.95,0.0,Digital
141,2008-01-12,1163,2047,401,1.0,301.48,5.0,CASH
142,2013-06-25,1120,2003,403,1.0,1039.99,5.0,
143,2017-04-18,1165,2008,404,2.0,53.27,20.0,credit
144,2005-03-01,1166,2052,401,1.0,658.13,0.0,Digital
145,2021-10-23,1011,2004,403,3.0,3709.0,0.0,CREDIT
146,2000-11-14,1029,2012,402,1.0,0.0,3.0,
147,2019-08-07,1099,2058,403,3.0,666.75,10.0,Credit
148,2010-02-28,1150,2095,402,3.0,490.79,10.0,Cash
149,2024-07-11,1167,2012,404,3.0,0.0,12.5,Credit
150,2006-12-04,1071,2004,403,1.0,834.52,5.0,Credit Card
151,2015-05-17,1113,2056,402,2.0,839.55,15.0,Credit Card
152,2001-08-26,1025,2087,403,2.0,0.0,150.0,Debit
153,2012-03-09,1015,2050,403,1.0,504.31,0.0,CASH
154,2023-09-22,1031,2058,401,1.0,2400.3,0.0,Cash
155,2007-07-15,1164,2081,401,0.0,2984.88,15.0,Digital
156,2018-04-28,1085,2031,402,1.0,508.77,3.0,Debit-Card
157,2004-06-11,1017,2097,402,1.0,757.89,-5.0,Cash
158,2011-01-24,1059,2042,402,0.0,0.0,15.0,CASH
159,2016-10-07,1070,2018,402,2.0,0.0,7.5,
160,2009-08-30,1044,2014,401,1.0,886.68,,Debit-Card
161,2020-03-13,1003,2045,402,2.0,499.42,15.0,CASH
162,2002-12-06,1004,2022,403,0.0,671.18,150.0,Cash
163,2014-11-19,1032,2094,404,0.0,493.35,15.0,CASH
164,2017-06-02,1190,2008,404,3.0,266.36,10.0,credit
165,2005-10-25,1199,2046,401,3.0,167.15,15.0,Debit
166,2021-01-08,1128,2028,401,2.0,2041.41,20.0,Credit
167,2008-04-21,1117,2082,401,0.0,799.8,0.0,Credit
168,2013-09-14,1122,2051,404,0.0,234.64,0.0,Digital
169,2019-12-27,1125,2091,404,0.0,1811.58,7.5,Digital
170,2006-02-03,1020,2041,402,0.0,0.0,20.0,Digital
171,2022-08-16,1032,2035,403,3.0,4499.95,8.5,Debit-Card
172,2010-05-29,1152,2067,403,3.0,872.85,10.0,CASH
173,2003-07-12,1129,2077,404,0.0,2809.15,15.0,Credit
174,2018-07-05,1179,2014,402,3.0,738.9,15.0,credit
175,2007-11-28,1115,2029,404,2.0,0.0,10.0,Credit
176,2015-02-11,1116,2051,404,0.0,351.96,5.0,CREDIT
177,2020-06-24,1080,2054,403,2.0,3602.04,0.0,Cash
178,2001-09-17,1095,2019,404,0.0,933.93,10.0,CREDIT
179,2012-04-30,1023,2010,401,3.0,0.0,25.0,Debit
180,2023-10-13,1024,2095,403,1.0,3533.69,5.0,Credit
181,2009-01-06,1142,2007,403,0.0,583.39,15.0,Cash
182,2016-08-19,1105,2045,404,0.0,624.28,5.0,Debit-Card
183,2004-03-02,1073,2076,403,2.0,1934.57,-5.0,Digital
184,2011-10-15,1026,2073,402,1.0,1797.95,-5.0,Cash
185,2017-05-08,1168,2061,402,0.0,599.76,7.5,
186,2008-12-21,1089,2071,403,0.0,0.0,15.0,Digital
187,2021-03-04,1195,2035,402,3.0,0.0,5.0,Cash
188,2014-06-17,1143,2098,401,2.0,2178.86,3.0,Cash
189,2002-05-10,1007,2023,403,2.0,751.63,3.0,Digital
190,2019-09-23,1086,2044,401,1.0,373.64,0.0,CASH
191,2006-07-16,1036,2072,404,0.0,1260.9,10.0,CREDIT
192,2013-02-27,1036,2094,401,0.0,2466.75,150.0,Debit-Card
193,2020-11-10,1191,2067,402,3.0,872.85,0.0,CASH
194,2005-04-03,1107,2058,403,1.0,1800.22,0.0,Cash
195,2018-08-26,1094,2039,403,0.0,1952.88,10.0,Digital
196,2007-01-09,1013,2019,402,0.0,0.0,20.0,Digital
197,2022-12-22,1172,2010,403,3.0,0.0,15.0,Credit
198,2010-06-15,1169,2054,404,3.0,900.51,8.5,Cash
199,2015-11-28,1106,2034,402,0.0,136.17,0.0,Credit
200,2003-08-01,1088,2055,401,2.0,129.46,25.0,Debit-Card
201,2017-03-14,1173,2086,404,2.0,715.28,12.5,Debit
202,2009-10-27,1011,2028,404,0.0,0.0,,CREDIT
203,2023-05-10,1001,2026,403,1.0,190.4,,Debit-Card
204,2014-12-23,1196,2017,403,2.0,370.96,-5.0,Debit Card
205,2006-09-06,1083,2015,401,3.0,0.0,15.0,Debit
206,2020-02-19,1191,2055,402,1.0,48.55,-5.0,Credit
207,2011-07-02,1097,2068,402,2.0,1312.38,,Credit Card
208,2018-11-15,1018,2050,401,3.0,0.0,150.0,CREDIT
209,2004-04-28,1004,2058,401,2.0,1066.8,,Cash
210,2021-08-01,1147,2054,404,3.0,2701.53,0.0,Digital
211,2008-01-14,1074,2014,404,0.0,738.9,-5.0,Digital
212,2015-06-27,1083,2021,404,2.0,668.33,5.0,CREDIT
213,2002-11-20,1022,2055,401,1.0,97.09,0.0,Credit Card
214,2019-04-03,1111,2075,404,0.0,1561.28,20.0,Credit
215,2012-08-16,1101,2039,403,1.0,2636.39,0.0,Debit
216,2007-05-29,1085,2099,402,0.0,646.32,8.5,Digital
217,2022-10-12,1130,2081,401,1.0,1343.2,,credit
218,2010-03-25,1198,2044,403,1.0,186.82,25.0,Credit Card
219,2016-07-08,1060,2013,402,2.0,0.0,25.0,Cash
220,2003-12-31,1050,2022,402,0.0,671.18,12.5,CASH
221,2024-01-24,1045,2098,404,3.0,907.86,8.5,Cash
222,2017-09-17,1193,2072,404,2.0,1681.2,15.0,Cash
223,2005-06-10,1160,2040,402,3.0,138.16,0.0,Debit Card
224,2013-04-03,1017,2060,404,2.0,0.0,10.0,credit
225,2020-05-26,1070,2075,401,2.0,624.51,15.0,Debit
226,2008-10-09,1129,2009,403,3.0,198.93,5.0,
227,2019-02-12,1115,2004,401,2.0,2225.4,,Debit
228,2011-11-25,1073,2009,401,3.0,66.31,8.5,Debit
229,2014-07-18,1118,2074,401,3.0,659.5,20.0,Cash
230,2006-02-21,1146,2083,402,2.0,614.53,12.5,Credit
231,2021-12-04,1154,2060,402,0.0,408.38,15.0,Digital
232,2009-07-27,1115,2013,403,0.0,2806.08,15.0,Credit
233,2018-05-10,1129,2082,402,0.0,1066.4,,Cash
234,2012-12-23,1063,2090,404,3.0,71.64,10.0,Credit
235,2004-08-06,1134,2066,402,2.0,1238.54,5.0,CASH
236,2023-03-19,1095,2036,404,3.0,653.94,10.0,credit
237,2010-09-02,1198,2043,401,2.0,1397.52,25.0,Credit
238,2015-01-15,1016,2042,401,3.0,0.0,15.0,Credit
239,2007-04-28,1072,2032,402,2.0,1512.96,15.0,Cash
240,2020-10-11,1020,2074,402,2.0,527.6,7.5,Debit-Card
241,2013-06-24,1079,2083,404,1.0,691.34,15.0,Cash
242,2008-11-07,1152,2090,401,2.0,57.31,3.0,CASH
243,2019-07-20,1143,2048,403,1.0,0.0,15.0,Debit Card
244,2011-02-13,1171,2089,401,3.0,1654.08,10.0,Digital
245,2016-08-26,1130,2046,401,2.0,106.98,0.0,
246,2005-03-11,1079,2023,402,2.0,3006.53,5.0,
247,2022-04-04,1196,2062,402,1.0,1114.85,-5.0,
248,2014-10-17,1035,2019,401,2.0,0.0,150.0,Digital
249,2009-12-30,1025,2064,401,2.0,705.7,12.5,Digital
250,2017-11-13,1196,2079,402,3.0,2851.62,10.0,Digital
251,2006-05-26,1039,2020,402,1.0,338.25,25.0,Digital
252,2021-01-09,1184,2056,401,3.0,1574.16,25.0,Debit-Card
253,2012-07-22,1093,2086,402,3.0,3576.4,150.0,Debit
254,2018-02-05,1156,2036,404,1.0,392.36,10.0,CASH
255,2007-08-18,1136,2030,403,3.0,509.91,150.0,credit
256,2023-09-01,1049,2047,404,3.0,1674.9,150.0,Credit Card
257,2010-04-14,1196,2036,404,3.0,0.0,20.0,Cash
258,2015-11-27,1041,2025,402,2.0,671.09,8.5,Debit-Card
259,2008-12-10,1013,2082,404,2.0,1066.4,,Debit
260,2020-06-23,1141,2013,401,2.0,748.29,10.0,Credit
261,2013-03-06,1021,2097,402,2.0,673.68,5.0,Cash
262,2009-10-19,1115,2065,402,3.0,1881.36,12.5,Digital
263,2016-12-02,1023,2028,404,2.0,510.35,20.0,Credit Card
264,2004-07-15,1006,2053,401,3.0,610.15,25.0,Debit
265,2021-03-28,1128,2047,402,3.0,1004.94,150.0,Debit-Card
266,2011-05-11,1020,2047,402,0.0,669.96,10.0,Credit Card
267,2018-08-24,1081,2012,403,1.0,1682.61,25.0,Debit Card
268,2006-01-07,1035,2004,403,3.0,927.25,20.0,Credit Card
269,2022-11-20,1178,2017,404,3.0,1854.8,20.0,Debit Card
270,2014-04-03,1157,2000,401,0.0,1938.62,0.0,Debit
271,2009-09-16,1065,2027,402,3.0,775.83,10.0,Cash
272,2017-06-29,1028,2099,403,1.0,3490.13,12.5,Credit Card
273,2012-02-12,1077,2015,401,1.0,1822.42,7.5,Credit Card
274,2023-12-15,1107,2081,404,0.0,2238.66,20.0,Digital
275,2007-11-08,1028,2063,401,1.0,994.43,0.0,credit
276,2020-04-21,1183,2018,403,3.0,2711.3,10.0,credit
277,2015-07-04,1000,2078,403,1.0,0.0,150.0,Credit Card
278,2008-06-17,1146,2053,402,0.0,1220.3,,Credit
279,2019-01-30,1134,2046,401,0.0,33.43,20.0,Debit
280,2013-10-13,1099,2060,401,3.0,1633.52,20.0,Credit
281,2005-12-26,1095,2032,401,2.0,1512.96,150.0,Digital
282,2021-09-08,1017,2044,402,0.0,207.58,10.0,Debit
283,2010-02-01,1197,2074,403,1.0,593.55,3.0,Debit Card
284,2016-05-14,1011,2045,403,1.0,842.78,8.5,credit
285,2003-09-27,1199,2087,404,3.0,159.32,150.0,Debit-Card
286,2018-12-10,1161,2023,402,0.0,939.54,7.5,Cash
287,2011-08-23,1183,2099,404,0.0,1292.64,5.0,CREDIT
288,2022-07-06,1075,2025,401,1.0,0.0,150.0,Debit
289,2009-03-19,1010,2040,403,3.0,138.16,150.0,Cash
290,2014-11-02,1139,2060,403,0.0,1225.14,8.5,CREDIT
291,2006-10-25,1192,2082,402,2.0,213.28,3.0,Digital
292,2020-01-18,1091,2099,401,2.0,1034.11,5.0,credit
293,2017-04-11,1069,2015,403,3.0,2699.88,5.0,credit
294,2012-09-24,1102,2095,404,3.0,1472.37,150.0,Debit
295,2008-05-07,1086,2023,404,3.0,3758.16,5.0,Digital
296,2023-08-30,1094,2066,403,0.0,1032.12,150.0,Debit-Card
297,2010-12-13,1186,2054,401,3.0,0.0,,Credit
298,2015-06-26,1154,2023,403,2.0,751.63,5.0,Digital
299,2007-02-08,1026,2010,403,2.0,62.27,20.0,Cash
300,2019-10-01,1078,2057,404,1.0,393.28,0.0,Debit-Card
301,2013-07-14,1176,2056,403,3.0,524.72,25.0,Cash
302,2021-02-27,1010,2093,403,3.0,0.0,25.0,Credit Card
303,2008-08-20,1070,2081,401,0.0,1492.44,10.0,Debit
304,2016-01-03,1171,2081,404,2.0,596.98,-5.0,Debit
305,2009-11-16,1131,2095,402,0.0,1472.37,5.0,Credit Card
306,2022-04-09,1036,2077,404,0.0,1123.66,-5.0,Digital
307,2014-05-22,1032,2008,402,2.0,106.54,25.0,Credit
308,2007-12-05,1092,2049,401,1.0,0.0,20.0,Debit Card
309,2020-09-18,1173,2057,403,2.0,349.58,3.0,credit
310,2011-04-01,1113,2097,401,1.0,757.89,15.0,Debit Card
311,2018-06-24,1135,2046,404,2.0,80.23,25.0,Credit
312,2005-10-07,1166,2035,402,0.0,899.99,7.5,Cash
313,2023-01-30,1006,2094,402,3.0,1480.05,15.0,Credit
314,2010-07-12,1132,2049,401,2.0,1503.74,8.5,credit
315,2017-02-15,1198,2033,404,1.0,2257.88,5.0,Digital
316,2012-08-28,1156,2036,404,1.0,784.73,12.5,Cash
317,2006-03-21,1031,2017,401,3.0,0.0,,Debit
318,2021-11-04,1044,2091,404,0.0,1811.58,25.0,Cash
319,2015-09-17,1174,2040,403,0.0,34.54,10.0,
320,2008-04-10,1140,2069,403,2.0,557.74,0.0,CREDIT
321,2019-12-23,1040,2091,402,2.0,724.63,15.0,CREDIT
322,2013-01-06,1130,2028,401,1.0,574.15,5.0,Debit
323,2020-06-19,1035,2030,404,0.0,339.94,10.0,Debit Card
324,2011-09-02,1092,2070,403,3.0,102.54,20.0,Credit Card
325,2016-04-15,1141,2016,401,0.0,0.0,150.0,Digital
326,2009-02-28,1079,2050,404,3.0,186.78,3.0,Debit Card
327,2022-07-12,1196,2052,401,1.0,2632.54,12.5,Debit
328,2014-10-25,1081,2082,401,3.0,1066.4,150.0,Credit Card
329,2007-05-08,1119,2087,403,1.0,0.0,5.0,Credit Card
330,2021-03-21,1199,2070,402,1.0,30.76,,Debit
331,2012-12-14,1110,2064,401,0.0,0.0,5.0,Credit
332,2018-07-27,1132,2019,403,1.0,1681.07,0.0,Credit
333,2006-11-09,1041,2041,402,2.0,643.37,7.5,Cash
334,2023-04-02,1132,2036,401,2.0,348.77,12.5,Cash
335,2010-08-16,1050,2081,403,1.0,2686.39,25.0,Cash
336,2015-03-29,1160,2038,401,1.0,0.0,5.0,
337,2009-06-12,1151,2074,402,1.0,1187.1,-5.0,Digital
338,2020-10-05,1168,2079,403,0.0,1901.08,15.0,Digital
339,2013-11-18,1007,2010,401,2.0,62.27,8.5,Debit
340,2017-08-01,1166,2026,404,0.0,0.0,0.0,Digital
341,2008-01-24,1127,2080,403,2.0,1997.42,3.0,Digital
342,2022-05-17,1123,2031,404,2.0,1356.72,0.0,Cash
343,2011-10-30,1116,2009,401,1.0,119.36,5.0,Digital
344,2016-12-13,1112,2053,404,3.0,0.0,15.0,Cash
345,2007-07-26,1052,2043,402,2.0,698.76,3.0,Credit
346,2021-01-09,1183,2040,403,3.0,103.62,5.0,Credit
347,2014-04-22,1033,2097,403,0.0,4210.5,5.0,Debit
348,2009-09-05,1081,2030,404,0.0,339.94,150.0,Digital
349,2020-02-18,1068,2057,402,1.0,1179.85,10.0,Credit
350,2012-06-01,1024,2006,403,3.0,594.0,3.0,Cash
351,2018-09-14,1157,2053,402,1.0,1098.27,10.0,Debit
352,2006-04-27,1083,2073,403,1.0,2247.44,3.0,CREDIT
353,2023-07-10,1195,2020,404,3.0,1879.15,5.0,Credit
354,2010-11-23,1127,2039,404,0.0,1952.88,7.5,CASH
355,2015-08-06,1023,2050,404,1.0,0.0,25.0,CASH
356,2008-12-19,1055,2074,403,0.0,1978.5,25.0,
357,2021-04-12,1012,2036,404,3.0,653.94,25.0,Digital
358,2013-02-25,1073,2068,401,0.0,2460.72,25.0,Credit
359,2017-05-08,1110,2017,403,2.0,370.96,,Digital
360,2009-10-31,1195,2051,403,0.0,117.32,12.5,Cash
361,2022-08-24,1102,2006,402,2.0,792.0,5.0,Debit
362,2011-03-07,1141,2036,401,3.0,871.92,3.0,Debit
363,2016-10-20,1129,2057,403,0.0,1747.92,-5.0,Cash
364,2007-08-03,1032,2012,404,2.0,997.1,3.0,Cash
365,2020-11-16,1086,2071,403,1.0,553.64,12.5,Credit
366,2014-07-29,1050,2077,404,0.0,561.83,7.5,Debit-Card
367,2008-05-12,1011,2004,402,2.0,0.0,8.5,Debit
368,2023-02-28,1121,2066,404,1.0,0.0,5.0,Credit
369,2012-01-11,1155,2065,402,2.0,1128.82,5.0,Credit Card
370,2017-12-04,1156,2040,402,3.0,138.16,10.0,CASH
371,2010-06-17,1157,2094,403,2.0,1578.72,15.0,credit
372,2021-07-30,1129,2065,404,2.0,752.54,12.5,Credit
373,2015-04-13,1121,2002,403,2.0,2771.2,3.0,CASH
374,2009-01-26,1172,2014,404,2.0,197.04,10.0,CASH
375,2022-10-09,1185,2088,401,3.0,2128.05,25.0,Credit
376,2013-08-22,1067,2083,402,0.0,0.0,8.5,Digital
377,2018-03-05,1149,2061,402,3.0,1199.52,15.0,CASH
378,2006-12-18,1037,2087,402,0.0,318.64,10.0,Debit
379,2020-05-01,1146,2089,401,1.0,744.34,25.0,Credit
380,2011-11-14,1004,2056,403,3.0,2098.88,3.0,
381,2016-06-27,1038,2052,402,3.0,2193.78,8.5,credit
382,2008-02-09,1128,2099,404,0.0,3877.92,15.0,Cash
383,2023-09-12,1180,2017,402,2.0,741.92,15.0,credit
384,2014-01-25,1169,2061,404,2.0,319.87,15.0,Debit-Card
385,2009-04-08,1044,2058,403,2.0,1066.8,0.0,
386,2021-12-21,1173,2098,403,3.0,3631.44,5.0,Debit
387,2012-07-04,1049,2031,403,2.0,1356.72,8.5,Credit Card
388,2017-10-17,1057,2038,403,1.0,2501.58,-5.0,Credit
389,2010-03-30,1176,2090,404,2.0,343.87,7.5,Credit
390,2022-06-13,1122,2044,403,2.0,166.06,5.0,Debit-Card
391,2015-11-26,1031,2073,404,3.0,1498.29,,Cash
392,2008-08-19,1088,2098,402,2.0,726.29,0.0,Debit
393,2020-03-04,1010,2036,401,2.0,348.77,8.5,CREDIT
394,2013-05-17,1113,2083,403,3.0,3072.64,15.0,Credit Card
395,2018-12-30,1054,2025,403,2.0,671.09,3.0,Credit
396,2011-02-11,1035,2013,402,1.0,1683.65,15.0,Credit Card
397,2016-09-24,1012,2085,402,1.0,217.94,15.0,Debit-Card
398,2009-07-07,1013,2012,404,2.0,1994.21,5.0,Credit
399,2023-04-20,1183,2060,401,1.0,367.54,-5.0,Cash
400,2014-12-03,1001,2070,402,3.0,102.54,-5.0,CASH
401,2010-10-16,1167,2060,404,1.0,735.08,15.0,credit
402,2021-05-29,1193,2036,403,2.0,348.77,7.5,Credit
403,2012-03-12,1165,2007,401,1.0,0.0,7.5,Debit
404,2017-08-25,1136,2094,401,1.0,1776.06,15.0,Debit
405,2008-11-28,1106,2022,401,3.0,671.18,8.5,Cash
406,2022-01-11,1126,2023,403,0.0,0.0,20.0,Debit Card
407,2015-06-04,1002,2038,401,2.0,1482.42,5.0,Debit
408,2010-04-27,1072,2058,404,1.0,1200.15,-5.0,Cash
409,2023-10-14,1129,2059,403,1.0,1382.54,3.0,
410,2013-09-07,1028,2042,402,3.0,502.83,15.0,credit
411,2018-04-20,1165,2032,402,0.0,0.0,12.5,credit
412,2011-07-23,1188,2043,403,1.0,1572.21,12.5,Cash
413,2016-02-06,1044,2078,404,3.0,426.03,10.0,CREDIT
414,2009-12-19,1131,2041,401,3.0,3216.84,15.0,credit
415,2020-07-02,1171,2012,402,1.0,1121.74,5.0,Digital
416,2014-03-15,1122,2041,402,0.0,1608.42,,Cash
417,2011-08-08,1066,2049,402,3.0,0.0,150.0,Debit Card
418,2022-11-21,1192,2034,403,2.0,326.81,150.0,Debit
419,2015-10-04,1149,2092,401,2.0,1157.3,0.0,Cash
420,2008-06-11,1167,2046,402,0.0,133.72,0.0,Debit-Card
421,2021-02-14,1170,2015,404,2.0,0.0,7.5,Credit
422,2013-11-27,1040,2051,403,0.0,469.28,20.0,Digital
423,2017-01-10,1163,2037,403,1.0,0.0,20.0,CASH
424,2010-05-24,1056,2017,404,1.0,834.66,5.0,Credit Card
425,2023-08-07,1116,2095,403,3.0,490.79,5.0,Cash
426,2014-07-30,1179,2070,404,1.0,61.52,0.0,Cash
427,2009-03-13,1195,2031,401,3.0,1695.9,-5.0,Debit-Card
428,2020-12-26,1135,2090,403,0.0,0.0,150.0,Credit
429,2012-10-09,1144,2014,401,1.0,443.34,,Cash
430,2018-05-22,1146,2068,402,1.0,2952.86,5.0,Debit-Card
431,2011-01-05,1083,2066,404,0.0,516.06,20.0,
432,2022-04-18,1174,2026,404,0.0,423.12,8.5,credit
433,2015-09-01,1130,2057,401,3.0,1747.92,8.5,Credit
434,2008-07-14,1033,2065,404,3.0,0.0,8.5,Debit
435,2021-10-07,1144,2007,404,2.0,933.42,15.0,Debit
436,2013-04-20,1185,2002,404,2.0,692.8,8.5,credit
437,2016-11-03,1000,2095,402,0.0,0.0,0.0,Debit Card
438,2009-08-16,1011,2054,403,0.0,900.51,12.5,credit
439,2023-01-29,1138,2007,401,3.0,2333.56,8.5,Cash
440,2012-02-22,1008,2036,404,1.0,196.18,25.0,CREDIT
441,2017-06-15,1196,2017,404,2.0,741.92,-5.0,CREDIT
442,2010-09-28,1097,2057,404,3.0,436.98,8.5,Debit
443,2020-08-11,1020,2087,402,2.0,637.28,20.0,Cash
444,2014-12-24,1030,2022,404,1.0,604.06,5.0,credit
445,2011-04-07,1186,2028,401,0.0,2551.76,25.0,
446,2018-10-10,1076,2059,404,3.0,1536.15,,Debit Card
447,2013-07-23,1058,2031,404,2.0,0.0,150.0,
448,2021-11-16,1039,2035,402,0.0,899.99,8.5,Credit
449,2015-02-09,1008,2084,404,0.0,845.55,5.0,Digital
450,2008-03-02,1061,2026,401,0.0,423.12,10.0,Debit
451,2022-06-25,1152,2004,404,0.0,2781.75,25.0,CASH
452,2010-12-18,1062,2094,401,3.0,1973.4,8.5,Credit
453,2016-03-11,1112,2029,402,0.0,13.51,15.0,Debit
454,2009-05-04,1035,2064,403,1.0,0.0,5.0,Debit
455,2023-12-07,1187,2073,403,2.0,399.54,15.0,CASH
456,2012-08-20,1060,2038,402,1.0,3335.44,12.5,Digital
457,2017-11-13,1105,2038,403,0.0,1853.02,20.0,Digital
458,2011-06-06,1142,2075,402,3.0,3903.2,20.0,Cash
459,2020-04-19,1142,2063,401,2.0,1325.9,7.5,Debit
460,2014-09-02,1164,2085,404,2.0,387.44,5.0,Credit
461,2008-10-15,1178,2053,404,1.0,1647.4,12.5,Cash
462,2021-07-28,1076,2048,402,3.0,1072.89,5.0,Digital
463,2013-12-11,1061,2028,403,1.0,1148.29,25.0,Credit Card
464,2018-06-04,1118,2007,404,3.0,1750.17,25.0,Digital
465,2010-01-27,1142,2067,402,3.0,1163.8,0.0,Credit Card
466,2022-09-10,1062,2032,402,2.0,756.48,0.0,credit
467,2015-05-23,1165,2010,404,2.0,124.54,25.0,CASH
468,2009-02-14,1023,2068,402,0.0,2460.72,7.5,Credit
469,2020-10-27,1068,2048,401,0.0,715.26,15.0,
470,2012-11-30,1048,2097,402,3.0,0.0,10.0,Digital
471,2017-04-13,1053,2042,403,0.0,167.61,20.0,CASH
472,2011-09-26,1054,2024,401,3.0,372.81,15.0,Credit
473,2023-03-16,1062,2089,402,3.0,1240.56,150.0,Credit
474,2014-08-09,1061,2070,403,2.0,27.34,7.5,Cash
475,2008-12-22,1097,2059,403,2.0,0.0,20.0,CREDIT
476,2021-06-05,1066,2046,404,3.0,200.58,5.0,Credit Card
477,2013-01-18,1025,2092,404,2.0,771.54,25.0,Credit Card
478,2016-10-01,1052,2047,403,3.0,334.98,5.0,Debit-Card
479,2010-07-14,1011,2072,402,1.0,756.54,0.0,Credit
480,2022-02-07,1004,2033,404,2.0,0.0,12.5,Credit Card
481,2015-12-20,1039,2025,403,1.0,503.32,15.0,Debit
482,2009-04-03,1097,2072,402,3.0,420.3,0.0,Debit
483,2020-01-26,1140,2083,403,2.0,1843.58,5.0,Digital
484,2012-05-19,1195,2062,404,3.0,3096.8,12.5,Cash
485,2017-09-02,1043,2093,403,1.0,1360.69,0.0,Credit Card
486,2011-02-25,1035,2092,404,1.0,0.0,25.0,Digital
487,2023-11-08,1138,2082,401,0.0,533.2,25.0,CREDIT
488,2014-06-21,1019,2085,401,0.0,484.3,3.0,CASH
489,2008-03-16,1105,2017,402,0.0,1391.1,,credit
490,2021-08-24,1181,2019,401,1.0,4202.68,,CREDIT
491,2013-10-07,1129,2058,403,0.0,1333.5,-5.0,Credit
492,2018-01-20,1158,2081,404,3.0,2984.88,150.0,CREDIT
493,2010-11-03,1004,2000,404,0.0,2907.93,10.0,Digital
494,2016-07-26,1004,2067,403,2.0,465.52,7.5,Cash
495,2009-08-09,1004,2064,404,1.0,1323.18,0.0,
496,2022-12-12,1027,2012,402,1.0,1121.74,20.0,Credit
497,2015-03-05,1049,2079,403,2.0,3802.16,0.0,CREDIT
498,2011-12-28,1068,2050,401,2.0,0.0,,Credit Card
499,2020-05-17,1103,2058,402,1.0,600.08,20.0,Debit-Card
500,2014-02-10,1076,2087,401,0.0,159.32,10.0,Cash
501,2016-09-14,1023,2051,404,3.0,351.96,12.5,Debit-Card
502,2011-03-27,1141,2060,401,0.0,408.38,8.5,Debit
503,2022-07-30,1179,2021,401,3.0,835.41,-5.0,Debit
504,2013-12-04,1111,2082,403,0.0,0.0,12.5,credit
505,2018-04-17,1135,2005,402,1.0,1157.71,12.5,Debit
506,2010-10-20,1177,2072,404,2.0,1008.72,5.0,Digital
507,2021-01-13,1011,2009,403,0.0,0.0,0.0,Credit Card
508,2015-06-08,1045,2040,401,1.0,31.09,5.0,CREDIT
509,2009-07-01,1150,2018,404,0.0,1084.52,5.0,CREDIT
510,2023-02-24,1076,2020,402,3.0,2254.98,12.5,CREDIT
511,2012-05-12,1173,2069,403,3.0,232.39,7.5,CASH
512,2017-10-05,1193,2094,402,0.0,1480.05,25.0,Digital
513,2011-08-18,1128,2095,403,0.0,0.0,,CASH
514,2020-03-29,1025,2055,402,0.0,107.88,,Debit-Card
515,2014-11-11,1087,2077,404,2.0,449.46,8.5,CREDIT
516,2008-04-24,1007,2081,403,3.0,746.22,150.0,Cash
517,2022-08-16,1125,2029,403,3.0,40.53,25.0,
518,2013-01-29,1110,2023,404,0.0,1879.08,7.5,Cash
519,2018-06-22,1197,2079,403,1.0,855.49,10.0,Cash
520,2010-12-15,1182,2009,401,2.0,53.05,8.5,Debit-Card
521,2021-04-08,1039,2048,402,3.0,357.63,10.0,CREDIT
522,2015-09-21,1081,2046,401,0.0,33.43,25.0,
523,2009-02-14,1001,2039,404,2.0,2343.46,150.0,Digital
524,2023-10-27,1194,2034,401,1.0,245.11,15.0,Credit
525,2012-07-10,1022,2023,404,3.0,5637.24,20.0,Credit Card
526,2017-03-03,1142,2071,404,0.0,615.16,,Credit
527,2011-10-26,1006,2011,403,0.0,1229.22,10.0,CREDIT
528,2020-06-19,1152,2076,403,3.0,2418.21,5.0,Cash
529,2014-04-02,1003,2037,404,3.0,1440.56,12.5,CREDIT
530,2008-09-25,1199,2010,402,1.0,210.17,7.5,CREDIT
531,2022-01-07,1175,2048,402,1.0,965.6,12.5,Cash
532,2013-08-20,1068,2038,403,3.0,0.0,,Debit
533,2018-11-13,1037,2008,402,3.0,266.36,3.0,CREDIT
534,2010-05-06,1070,2053,403,3.0,1830.45,7.5,Cash
535,2021-09-28,1005,2009,403,2.0,53.05,10.0,Credit Card
536,2015-12-11,1063,2092,404,1.0,867.98,8.5,Debit-Card
537,2009-03-24,1117,2013,402,2.0,2244.86,5.0,
538,2023-05-17,1001,2050,403,3.0,0.0,0.0,CREDIT
539,2012-10-08,1084,2056,403,3.0,1574.16,0.0,CREDIT
540,2017-05-01,1166,2076,402,2.0,0.0,7.5,Cash
541,2011-01-21,1082,2077,402,3.0,0.0,0.0,CREDIT
542,2020-08-14,1080,2022,404,2.0,1073.89,8.5,Debit-Card
543,2014-07-07,1074,2094,404,1.0,444.02,20.0,Digital
544,2008-12-30,1083,2048,403,3.0,0.0,25.0,Cash
545,2022-03-23,1093,2014,402,1.0,221.67,0.0,Credit
546,2013-06-16,1174,2098,401,3.0,2723.58,15.0,Cash
547,2018-02-09,1181,2026,404,2.0,507.74,150.0,Credit
548,2010-07-03,1177,2008,404,3.0,332.95,,Debit
549,2021-11-26,1035,2081,403,1.0,1343.2,10.0,Debit
550,2015-04-19,1064,2084,402,3.0,845.55,12.5,Digital
551,2009-10-12,1096,2009,404,3.0,198.93,15.0,Debit-Card
552,2023-12-09,1149,2051,404,0.0,0.0,5.0,CREDIT
553,2012-03-05,1092,2089,401,0.0,827.04,12.5,Digital
554,2017-08-28,1196,2031,403,1.0,1526.31,8.5,Credit Card
555,2011-04-11,1165,2078,401,3.0,142.01,150.0,Digital
556,2020-02-02,1192,2042,404,0.0,1005.66,8.5,
557,2014-09-25,1002,2012,403,1.0,560.87,10.0,Cash
558,2008-05-18,1130,2095,402,3.0,1963.16,3.0,Credit Card
559,2022-10-31,1095,2050,404,1.0,168.1,12.5,Credit
560,2013-11-14,1088,2003,404,0.0,385.18,15.0,CREDIT
561,2018-07-27,1075,2053,401,0.0,1830.45,5.0,CREDIT
562,2010-08-10,1186,2018,403,2.0,1301.42,10.0,CREDIT
563,2021-05-03,1087,2058,402,3.0,2667.0,,Debit-Card
564,2015-01-16,1089,2060,401,3.0,408.38,150.0,credit
565,2009-06-29,1184,2089,404,2.0,1984.9,20.0,Credit
566,2023-03-12,1017,2038,401,0.0,0.0,20.0,Debit Card
567,2012-12-25,1005,2043,401,1.0,786.1,0.0,
568,2017-09-18,1189,2031,402,1.0,2035.08,5.0,CASH
569,2011-07-01,1084,2071,404,3.0,0.0,0.0,CASH
570,2020-04-05,1059,2051,402,1.0,527.94,-5.0,Debit Card
571,2014-10-28,1163,2084,404,3.0,845.55,5.0,Digital
572,2008-11-11,1007,2094,402,3.0,493.35,3.0,Credit
573,2022-06-14,1151,2054,404,0.0,0.0,150.0,Digital
574,2013-04-07,1180,2027,402,2.0,0.0,-5.0,Debit
575,2018-12-20,1192,2090,401,0.0,286.56,10.0,credit
576,2010-09-13,1137,2023,403,2.0,1503.26,7.5,Credit
577,2021-07-06,1050,2058,401,2.0,1066.8,,
578,2015-02-19,1171,2062,403,3.0,619.36,25.0,Debit
579,2009-03-02,1156,2050,401,2.0,0.0,20.0,Debit
580,2023-08-23,1090,2058,402,2.0,1066.8,,Digital
581,2012-05-15,1157,2075,401,1.0,702.58,7.5,
582,2017-10-08,1080,2015,402,2.0,1619.93,10.0,Debit
583,2011-11-30,1029,2023,403,1.0,0.0,15.0,Credit
584,2020-01-24,1130,2049,404,1.0,845.86,-5.0,Credit
585,2014-06-17,1147,2049,404,1.0,845.86,25.0,Credit
586,2008-08-02,1124,2081,402,1.0,2686.39,8.5,Digital
587,2022-11-15,1125,2036,402,1.0,588.55,-5.0,Credit
588,2013-07-28,1080,2057,401,2.0,699.17,25.0,Credit
589,2018-03-11,1002,2062,402,1.0,1114.85,3.0,Digital
590,2010-04-04,1098,2071,404,3.0,1845.48,8.5,credit
591,2021-09-17,1175,2062,404,3.0,1858.08,-5.0,CREDIT
592,2015-12-30,1125,2021,401,0.0,1670.82,8.5,Debit
593,2009-05-23,1194,2028,403,0.0,637.94,20.0,CREDIT
594,2023-04-16,1070,2028,403,1.0,0.0,0.0,CREDIT
595,2012-10-01,1199,2058,404,0.0,2667.0,10.0,Debit-Card
596,2017-05-14,1146,2014,403,2.0,0.0,3.0,Digital
597,2011-02-06,1138,2096,401,3.0,2688.72,0.0,
598,2020-06-28,1139,2027,404,0.0,258.61,20.0,Credit
599,2014-01-11,1188,2083,402,2.0,1229.06,3.0,Digital
600,2018-08-24,1008,2057,403,2.0,699.17,-5.0,Cash
601,2011-05-07,1022,2056,401,1.0,2361.24,20.0,Credit Card
602,2022-12-20,1053,2094,403,3.0,493.35,25.0,Digital
603,2015-03-14,1042,2078,402,1.0,127.81,-5.0,CREDIT
604,2009-08-26,1052,2007,403,2.0,2333.56,,Debit-Card
605,2020-07-11,1152,2068,402,2.0,656.19,10.0,Cash
606,2013-12-29,1180,2037,403,2.0,288.11,20.0,Debit
607,2018-09-22,1131,2086,401,1.0,2414.07,0.0,Digital
608,2010-10-15,1192,2052,401,2.0,0.0,3.0,Credit Card
609,2021-02-08,1167,2016,402,1.0,290.72,10.0,Digital
610,2014-05-01,1037,2091,403,1.0,0.0,7.5,Digital
611,2008-11-24,1194,2086,404,3.0,0.0,15.0,Credit Card
612,2023-06-07,1036,2073,403,3.0,1997.72,15.0,credit
613,2012-01-17,1096,2057,401,0.0,1310.94,5.0,Cash
614,2017-04-10,1103,2065,403,2.0,376.27,10.0,Credit
615,2011-06-23,1116,2062,403,0.0,1238.72,7.5,Cash
616,2020-09-06,1198,2093,401,3.0,0.0,10.0,CREDIT
617,2015-08-19,1162,2085,403,0.0,0.0,,Debit
618,2009-03-12,1136,2050,402,3.0,933.9,5.0,Debit
619,2022-04-25,1054,2063,403,2.0,441.97,5.0,Credit
620,2013-07-08,1072,2043,402,3.0,4367.25,10.0,Debit
621,2018-10-31,1087,2087,401,0.0,637.28,-5.0,Digital
622,2010-12-04,1025,2080,404,0.0,3329.04,5.0,Debit
623,2021-05-27,1031,2020,404,3.0,1127.49,-5.0,Credit
624,2014-02-18,1000,2054,402,1.0,1620.92,3.0,CREDIT
625,2008-06-21,1166,2038,402,2.0,2223.62,5.0,Cash
626,2023-09-12,1023,2083,403,2.0,1229.06,10.0,Credit Card
627,2012-08-05,1021,2047,402,0.0,1674.9,12.5,Credit
628,2017-01-28,1101,2080,403,1.0,3745.17,,Digital
629,2011-04-14,1109,2083,401,0.0,768.16,10.0,Digital
630,2020-08-17,1000,2027,404,0.0,517.22,5.0,Debit
631,2015-11-10,1033,2075,402,3.0,780.64,7.5,CREDIT
632,2009-02-03,1002,2001,403,0.0,824.7,0.0,Cash
633,2022-07-02,1108,2088,402,3.0,3546.75,20.0,Debit
634,2013-10-25,1018,2029,404,0.0,27.02,,Digital
635,2018-05-18,1187,2013,401,2.0,2993.15,12.5,Cash
636,2010-07-11,1094,2038,402,3.0,926.51,0.0,Digital
637,2021-12-14,1198,2096,402,1.0,1814.89,5.0,Digital
638,2014-04-07,1017,2067,401,1.0,523.71,0.0,Debit Card
639,2008-09-30,1112,2044,402,1.0,560.47,5.0,Digital
640,2023-02-05,1105,2078,404,1.0,383.43,12.5,Debit-Card
641,2012-03-28,1022,2012,402,0.0,623.19,5.0,Digital
642,2017-08-11,1150,2093,404,2.0,1814.26,-5.0,Credit
643,2011-09-24,1109,2040,402,1.0,31.09,0.0,Cash
644,2020-03-20,1070,2082,401,1.0,719.82,5.0,Debit Card
645,2015-06-13,1141,2076,403,0.0,3224.28,15.0,Credit
646,2009-12-06,1168,2038,402,1.0,1667.72,0.0,CASH
647,2022-10-19,1191,2050,403,0.0,560.34,150.0,Credit Card
648,2013-05-02,1005,2030,404,3.0,679.88,8.5,Debit
649,2018-12-27,1028,2030,404,0.0,509.91,12.5,
650,2010-08-14,1135,2001,403,2.0,989.64,10.0,Debit
651,2021-01-07,1033,2049,404,2.0,751.87,12.5,Debit
652,2014-09-30,1139,2087,402,3.0,0.0,5.0,Cash
653,2008-04-13,1197,2009,401,0.0,265.24,3.0,
654,2023-07-26,1003,2033,402,0.0,836.25,12.5,Debit
655,2012-11-09,1015,2050,403,3.0,560.34,10.0,CREDIT
656,2017-03-22,1108,2089,404,0.0,413.52,8.5,Cash
657,2011-06-05,1163,2068,402,2.0,3280.96,10.0,Credit
658,2020-04-29,1021,2039,401,1.0,878.8,5.0,CREDIT
659,2015-10-12,1039,2068,403,3.0,2460.72,25.0,
660,2009-01-25,1150,2081,401,2.0,1193.95,20.0,Digital
661,2022-08-08,1178,2055,402,0.0,53.94,7.5,Digital
662,2013-08-31,1062,2011,404,0.0,0.0,15.0,
663,2018-06-14,1116,2078,401,2.0,0.0,3.0,CASH
664,2010-11-27,1170,2094,402,0.0,986.7,15.0,Credit
665,2021-03-10,1003,2090,402,0.0,143.28,10.0,Cash
666,2014-07-24,1041,2063,403,2.0,1325.9,,Credit
667,2008-10-17,1042,2047,402,2.0,803.95,8.5,credit
668,2023-11-30,1187,2015,401,2.0,0.0,5.0,Debit
669,2012-04-12,1109,2034,401,2.0,326.81,3.0,CREDIT
670,2017-09-05,1182,2073,401,3.0,499.43,12.5,Cash
671,2011-07-28,1116,2065,403,0.0,470.34,,credit
672,2020-05-22,1127,2072,402,2.0,1008.72,15.0,credit
673,2015-12-15,1040,2032,401,0.0,0.0,3.0,Credit
674,2009-06-08,1058,2094,401,0.0,493.35,-5.0,credit
675,2022-09-23,1003,2031,401,3.0,1695.9,20.0,Digital
676,2013-02-26,1093,2049,402,1.0,1691.71,12.5,Credit
677,2018-11-16,1009,2070,404,1.0,30.76,0.0,Cash
678,2010-09-19,1082,2031,404,2.0,452.24,0.0,CREDIT
679,2021-06-12,1069,2009,403,0.0,0.0,-5.0,CASH
680,2014-08-05,1128,2086,401,1.0,804.69,-5.0,Cash
681,2008-03-28,1057,2066,401,3.0,1548.18,150.0,Cash
682,2023-04-09,1017,2059,403,2.0,409.64,0.0,Debit
683,2012-12-18,1083,2011,404,0.0,1638.96,150.0,Credit
684,2017-05-31,1094,2025,403,2.0,223.7,0.0,Debit-Card
685,2011-08-13,1189,2079,402,3.0,3802.16,15.0,Credit
686,2020-10-26,1094,2075,404,1.0,702.58,5.0,Debit
687,2015-01-09,1187,2069,402,1.0,627.45,0.0,
688,2009-04-22,1001,2052,401,1.0,0.0,25.0,CREDIT
689,2022-07-15,1138,2044,401,2.0,166.06,25.0,Credit
690,2013-09-28,1000,2097,404,2.0,1347.36,0.0,Credit
691,2018-04-11,1026,2026,402,3.0,211.56,-5.0,Credit
692,2010-10-30,1125,2007,402,2.0,933.42,15.0,Credit Card
693,2021-11-23,1023,2005,402,3.0,1286.34,25.0,Digital
694,2014-06-04,1179,2047,404,0.0,669.96,5.0,Debit
695,2008-07-27,1148,2012,402,3.0,3115.95,,Credit
696,2023-12-18,1019,2075,401,3.0,2341.92,,Credit Card
697,2012-05-20,1169,2016,402,2.0,775.25,10.0,Cash
698,2017-10-03,1066,2040,404,2.0,55.26,8.5,Credit
699,2011-01-16,1081,2057,403,1.0,393.28,3.0,Credit Card
700,2020-02-25,1019,2025,402,0.0,559.24,10.0,Debit Card
701,2015-07-08,1039,2013,402,3.0,4676.8,0.0,Digital
702,2009-08-01,1119,2040,404,0.0,69.08,-5.0,
703,2022-05-10,1137,2045,402,3.0,0.0,25.0,CASH
704,2013-12-12,1078,2059,403,0.0,1536.15,3.0,Credit
705,2018-07-25,1023,2020,403,0.0,0.0,25.0,credit
706,2010-11-08,1055,2041,402,0.0,4021.05,15.0,Cash
707,2021-04-01,1182,2031,403,3.0,1695.9,15.0,Debit
708,2014-09-14,1131,2006,403,2.0,475.2,-5.0,Credit
709,2008-12-23,1044,2003,404,3.0,1155.54,20.0,Credit Card
710,2023-08-06,1142,2095,402,0.0,2453.95,25.0,Debit
711,2012-06-17,1118,2013,402,0.0,1870.72,20.0,Credit Card
712,2017-01-30,1003,2007,402,1.0,1050.1,15.0,Credit
713,2011-03-03,1050,2051,403,0.0,117.32,12.5,CASH
714,2020-07-24,1149,2075,403,0.0,780.64,8.5,Cash
715,2015-10-17,1005,2008,402,3.0,466.13,0.0,
716,2009-05-10,1032,2011,403,0.0,409.74,10.0,CREDIT
717,2022-09-28,1010,2059,401,1.0,921.69,0.0,
718,2013-11-21,1146,2055,404,3.0,0.0,0.0,Digital
719,2018-08-04,1007,2048,404,1.0,1287.47,10.0,Debit Card
720,2010-12-28,1090,2027,402,2.0,413.78,10.0,Credit
721,2021-05-11,1071,2057,402,0.0,1310.94,150.0,Credit
722,2014-02-01,1157,2079,402,2.0,2281.3,150.0,Digital
723,2008-06-04,1127,2052,404,0.0,2193.78,25.0,Cash
724,2023-10-13,1022,2035,404,1.0,1619.98,20.0,credit
725,2012-07-26,1107,2025,402,0.0,279.62,10.0,CREDIT
726,2017-03-09,1097,2091,403,3.0,2717.37,5.0,credit
727,2011-08-16,1139,2062,403,2.0,1486.46,10.0,Debit
728,2020-01-03,1099,2034,402,0.0,408.51,8.5,Credit
729,2015-04-16,1081,2076,402,0.0,2418.21,150.0,Debit-Card
730,2009-09-29,1199,2035,401,3.0,2699.97,8.5,Credit
731,2022-06-08,1135,2045,402,1.0,842.78,10.0,CASH
732,2013-08-02,1025,2031,402,2.0,904.48,0.0,Debit
733,2018-12-15,1136,2094,401,1.0,0.0,5.0,Debit-Card
734,2010-10-11,1147,2049,403,1.0,3383.42,5.0,Credit
735,2021-07-19,1045,2030,403,2.0,407.93,5.0,Credit Card
736,2014-05-24,1151,2003,403,1.0,693.32,15.0,Debit-Card
737,2008-11-06,1144,2024,404,2.0,298.25,0.0,Debit Card
738,2023-03-01,1044,2062,401,0.0,1238.72,8.5,Cash
739,2012-04-19,1014,2029,402,0.0,13.51,0.0,Credit
740,2017-09-12,1134,2061,401,2.0,639.74,8.5,Cash
741,2011-01-22,1157,2025,402,2.0,671.09,15.0,Debit Card
742,2020-08-05,1183,2022,403,0.0,2684.72,5.0,Credit Card
743,2015-11-28,1005,2018,402,0.0,542.26,,Debit
744,2009-06-15,1134,2046,401,2.0,53.49,3.0,Debit
745,2022-10-02,1180,2084,404,0.0,281.85,3.0,Debit-Card
746,2013-12-24,1086,2038,403,1.0,1667.72,5.0,Credit Card
747,2018-05-07,1040,2093,404,3.0,755.94,15.0,Digital
748,2010-07-20,1166,2040,402,2.0,27.63,,Credit
749,2021-12-07,1057,2085,402,3.0,1452.9,8.5,CREDIT
750,2014-08-30,1078,2093,403,1.0,0.0,20.0,Debit-Card
751,2008-02-12,1045,2093,401,3.0,2267.82,15.0,CASH
752,2023-05-25,1197,2072,401,1.0,1513.08,10.0,Debit
753,2012-09-17,1154,2040,402,0.0,69.08,5.0,Cash
754,2017-02-10,1127,2018,403,0.0,0.0,5.0,Credit
755,2011-04-03,1060,2044,403,1.0,934.11,0.0,Debit
756,2020-09-15,1162,2011,403,3.0,1229.22,10.0,CASH
757,2015-06-26,1002,2033,402,1.0,3010.5,0.0,CASH
758,2009-10-09,1177,2008,403,2.0,159.82,5.0,Debit Card
759,2022-11-28,1027,2092,401,0.0,482.21,10.0,Debit
760,2013-07-11,1098,2056,404,1.0,944.5,15.0,credit
761,2018-10-14,1105,2063,404,2.0,2209.84,7.5,Debit
762,2010-12-01,1139,2048,401,3.0,357.63,12.5,
763,2021-03-24,1147,2083,402,1.0,691.34,,Cash
764,2014-10-07,1115,2009,401,2.0,53.05,15.0,Debit-Card
765,2008-05-20,1005,2040,403,0.0,103.62,20.0,Debit Card
766,2023-09-05,1018,2043,402,3.0,2620.35,5.0,Debit-Card
767,2012-02-23,1041,2093,401,0.0,755.94,12.5,Debit
768,2017-07-18,1086,2076,404,0.0,0.0,0.0,CASH
769,2011-08-29,1110,2083,402,3.0,768.16,3.0,Digital
770,2020-04-12,1040,2006,401,2.0,0.0,,Cash
771,2015-01-25,1052,2024,404,2.0,298.25,25.0,Debit-Card
772,2009-07-08,1169,2036,403,1.0,392.36,,Digital
773,2022-08-21,1024,2006,404,3.0,0.0,150.0,Credit Card
774,2013-10-04,1039,2006,403,0.0,198.0,3.0,Credit
775,2018-11-27,1109,2011,403,3.0,1638.96,15.0,CREDIT
776,2010-09-10,1051,2012,401,1.0,1121.74,12.5,Credit
777,2021-06-23,1043,2081,403,0.0,746.22,25.0,CASH
778,2014-03-16,1121,2014,403,3.0,985.2,12.5,Credit
779,2008-08-09,1120,2062,403,0.0,2477.44,0.0,Debit
780,2023-12-22,1164,2069,404,1.0,0.0,0.0,CASH
781,2012-05-03,1094,2048,403,1.0,321.87,,Credit
782,2017-08-26,1114,2005,403,3.0,428.78,20.0,Debit
783,2011-01-14,1119,2033,402,2.0,1338.0,25.0,Cash
784,2020-07-07,1144,2007,402,0.0,1166.78,25.0,Debit
785,2015-10-20,1021,2085,403,3.0,0.0,,Digital
786,2009-04-05,1193,2075,402,0.0,1561.28,5.0,Credit Card
787,2022-09-14,1099,2066,404,3.0,0.0,8.5,CREDIT
788,2013-11-07,1146,2030,404,2.0,543.9,25.0,credit
789,2018-06-30,1020,2050,401,1.0,168.1,7.5,Credit
790,2010-10-24,1030,2096,404,1.0,3024.81,10.0,Debit-Card
791,2021-01-17,1042,2027,402,1.0,232.75,25.0,Digital
792,2014-08-13,1010,2054,401,3.0,900.51,-5.0,Credit
793,2008-12-16,1051,2080,402,2.0,0.0,3.0,Debit
794,2023-04-28,1081,2093,401,0.0,755.94,8.5,Cash
795,2012-07-01,1099,2071,404,2.0,984.26,3.0,CREDIT
796,2017-02-24,1070,2066,404,0.0,0.0,5.0,Debit Card
797,2011-03-17,1179,2079,404,0.0,2851.62,0.0,Debit Card
798,2020-05-05,1106,2019,402,0.0,3735.72,,CREDIT
799,2015-09-09,1027,2072,401,2.0,672.48,12.5,Credit
800,2009-06-02,1137,2044,404,2.0,830.32,5.0,Credit Card
801,2022-10-10,1098,2083,404,3.0,2304.48,0.0,Cash
802,2013-08-15,1009,2022,403,3.0,2684.72,12.5,CASH
803,2018-12-28,1036,2079,404,0.0,950.54,0.0,Debit-Card
804,2010-11-11,1101,2042,402,0.0,335.22,8.5,CREDIT
805,2021-04-14,1190,2060,403,2.0,0.0,0.0,CREDIT
806,2014-09-27,1005,2043,403,2.0,2096.28,5.0,Debit-Card
807,2008-07-10,1071,2062,401,1.0,557.42,150.0,Debit
808,2023-11-01,1034,2038,404,2.0,2223.62,5.0,Debit Card
809,2012-04-05,1068,2093,404,0.0,2267.82,10.0,Digital
810,2017-09-24,1048,2056,402,3.0,524.72,7.5,CASH
811,2011-05-18,1189,2062,403,0.0,1858.08,0.0,credit
812,2020-06-21,1131,2020,401,2.0,0.0,5.0,Digital
813,2015-02-12,1181,2064,404,1.0,264.64,10.0,Cash
814,2009-08-23,1199,2067,401,1.0,0.0,15.0,Digital
815,2022-12-05,1049,2025,401,1.0,503.32,20.0,Debit
816,2013-10-18,1008,2058,401,2.0,533.4,15.0,Debit Card
817,2018-05-01,1180,2025,403,2.0,894.78,10.0,CASH
818,2010-12-09,1118,2064,404,0.0,882.12,25.0,Digital
819,2021-07-16,1174,2003,402,2.0,308.14,10.0,Cash
820,2014-04-21,1125,2076,404,1.0,725.46,5.0,Credit
821,2008-09-04,1121,2075,403,2.0,2498.05,5.0,Credit Card
822,2023-06-29,1041,2033,401,2.0,669.0,5.0,Debit Card
823,2012-08-28,1007,2049,401,1.0,845.86,15.0,Debit Card
824,2017-03-13,1146,2099,402,1.0,581.69,5.0,Digital
825,2011-06-11,1165,2028,402,2.0,1531.06,0.0,
826,2020-08-30,1166,2052,401,0.0,731.26,150.0,Credit
827,2015-11-23,1121,2016,402,0.0,646.04,15.0,Debit
828,2009-02-26,1057,2032,403,2.0,3782.4,3.0,Cash
829,2022-10-24,1108,2048,403,3.0,357.63,5.0,CASH
830,2013-07-05,1064,2027,404,2.0,413.78,0.0,Cash
831,2018-10-17,1173,2066,404,0.0,2580.3,25.0,Debit Card
832,2010-10-02,1001,2065,403,2.0,376.27,25.0,Credit
833,2021-01-30,1076,2087,401,3.0,796.6,,Digital
834,2014-06-19,1016,2043,403,2.0,2795.04,20.0,Digital
835,2008-11-25,1070,2033,403,1.0,752.62,8.5,Digital
836,2023-08-18,1038,2066,402,0.0,1032.12,15.0,Cash
837,2012-05-14,1153,2051,403,1.0,316.76,20.0,CREDIT
838,2017-08-07,1184,2003,404,2.0,1848.86,12.5,CASH
839,2011-03-20,1066,2053,404,3.0,0.0,15.0,Credit
840,2020-04-03,1188,2004,402,2.0,2967.2,15.0,Digital
841,2015-09-26,1185,2091,402,3.0,3623.16,5.0,credit
842,2009-07-19,1171,2045,403,1.0,280.93,-5.0,Digital
843,2022-11-07,1168,2071,402,2.0,1968.51,-5.0,Digital
844,2013-12-06,1024,2060,402,2.0,326.7,150.0,
845,2018-06-29,1185,2071,402,2.0,984.26,5.0,Debit
846,2010-08-16,1167,2011,402,2.0,327.79,-5.0,CASH
847,2021-02-19,1057,2095,403,3.0,2453.95,10.0,Digital
848,2014-01-08,1084,2047,403,2.0,803.95,15.0,Credit
849,2008-04-01,1118,2015,404,0.0,4049.82,8.5,Cash
850,2023-09-21,1162,2074,401,3.0,659.5,3.0,
851,2012-10-13,1049,2064,401,3.0,882.12,150.0,Credit Card
852,2017-05-06,1135,2038,404,0.0,926.51,15.0,Credit
853,2011-06-26,1038,2017,402,2.0,741.92,0.0,Digital
854,2020-07-09,1104,2072,404,1.0,1134.81,5.0,CREDIT
855,2015-12-22,1080,2091,402,0.0,2717.37,150.0,Credit
856,2009-03-15,1124,2042,402,2.0,0.0,5.0,Credit Card
857,2022-08-04,1162,2007,401,3.0,583.39,7.5,Credit
858,2013-11-30,1070,2026,402,1.0,190.4,0.0,Cash
859,2018-04-23,1125,2097,401,1.0,3031.56,10.0,Cash
860,2010-09-05,1157,2055,404,3.0,53.94,15.0,CASH
861,2021-10-18,1109,2061,404,0.0,799.68,,Debit-Card
862,2014-08-08,1009,2068,402,2.0,0.0,-5.0,Debit Card
863,2008-12-29,1003,2041,402,0.0,2412.63,7.5,Debit
864,2023-05-12,1173,2000,402,1.0,872.38,,
865,2012-07-19,1177,2044,403,1.0,373.64,5.0,Debit
866,2017-02-02,1026,2049,403,1.0,3383.42,12.5,credit
867,2011-04-25,1016,2005,403,2.0,686.05,150.0,Cash
868,2020-03-07,1116,2093,403,3.0,755.94,150.0,Debit
869,2015-10-10,1175,2017,403,3.0,463.7,12.5,Digital
870,2009-05-28,1091,2096,402,1.0,1209.92,10.0,Debit Card
871,2022-12-13,1103,2002,402,1.0,779.4,15.0,Cash
872,2013-09-02,1186,2016,402,0.0,646.04,10.0,credit
873,2018-11-25,1150,2064,402,0.0,294.04,25.0,Cash
874,2010-10-07,1093,2091,401,3.0,2717.37,3.0,Debit
875,2021-05-20,1163,2032,401,0.0,0.0,25.0,Credit Card
876,2014-02-14,1169,2013,401,0.0,935.36,8.5,Cash
877,2008-07-22,1176,2014,404,3.0,1231.5,3.0,Digital
878,2023-10-05,1097,2015,403,3.0,2699.88,7.5,Cash
879,2012-06-08,1179,2019,402,0.0,1867.86,0.0,Credit
880,2017-01-21,1077,2053,401,2.0,976.24,15.0,credit
881,2011-07-05,1159,2077,402,3.0,561.83,150.0,Credit
882,2020-08-28,1026,2065,401,2.0,1881.36,12.5,Debit
883,2015-03-11,1029,2013,404,1.0,0.0,,Digital
884,2009-09-14,1155,2025,403,1.0,503.32,15.0,Credit
885,2022-11-01,1091,2090,404,2.0,171.94,0.0,Debit
886,2013-04-24,1041,2005,404,1.0,385.9,5.0,Credit Card
887,2018-08-16,1176,2061,403,1.0,359.86,0.0,Digital
888,2010-11-20,1000,2001,401,0.0,1649.4,150.0,Cash
889,2021-06-14,1146,2085,404,1.0,653.81,20.0,Credit Card
890,2014-07-07,1023,2099,401,0.0,1292.64,0.0,Credit
891,2008-08-12,1065,2082,402,3.0,266.6,,Credit
892,2023-12-26,1075,2033,404,0.0,2508.75,-5.0,Debit
893,2012-09-21,1025,2022,401,2.0,1073.89,,CREDIT
894,2017-04-04,1092,2086,403,3.0,894.1,8.5,Debit Card
895,2011-02-27,1189,2014,401,0.0,0.0,15.0,Cash
896,2020-01-10,1002,2017,402,2.0,0.0,10.0,Debit-Card
897,2015-08-23,1091,2056,403,0.0,1049.44,15.0,
898,2009-06-17,1095,2043,402,0.0,0.0,7.5,Debit Card
899,2022-10-08,1102,2051,404,2.0,93.86,12.5,Cash
900,2013-12-17,1098,2088,404,3.0,0.0,150.0,credit
901,2018-07-10,1166,2021,401,1.0,0.0,10.0,Credit Card
902,2010-12-22,1178,2092,401,1.0,867.98,-5.0,CREDIT
903,2021-03-03,1026,2053,404,3.0,1830.45,15.0,CASH
904,2014-09-14,1046,2078,404,2.0,454.43,-5.0,credit
905,2008-05-03,1156,2003,402,3.0,1925.9,15.0,Debit
906,2023-11-11,1124,2014,404,3.0,0.0,3.0,Debit
907,2012-08-10,1011,2008,403,2.0,106.54,7.5,Cash
908,2017-03-26,1003,2090,402,2.0,57.31,8.5,CREDIT
909,2011-05-01,1132,2066,401,3.0,1548.18,12.5,Credit
910,2020-06-04,1169,2093,402,3.0,755.94,0.0,Credit
911,2015-01-19,1088,2084,404,1.0,0.0,15.0,Debit Card
912,2009-08-07,1142,2078,401,0.0,568.04,10.0,credit
913,2022-09-17,1164,2020,404,3.0,1879.15,12.5,Debit
914,2013-10-21,1042,2009,404,2.0,53.05,5.0,
915,2018-05-14,1061,2042,403,0.0,167.61,15.0,Digital
916,2010-07-28,1129,2028,404,3.0,2551.76,0.0,Digital
917,2021-08-11,1060,2010,404,3.0,544.88,12.5,Debit
918,2014-04-04,1146,2057,401,3.0,436.98,5.0,Cash
919,2008-10-19,1114,2040,401,3.0,34.54,20.0,Digital
920,2023-07-08,1190,2083,401,0.0,2304.48,5.0,
921,2012-11-24,1103,2052,401,0.0,2193.78,0.0,Credit
922,2017-06-17,1023,2077,403,1.0,505.65,10.0,Credit
923,2011-03-10,1167,2085,404,2.0,387.44,7.5,Digital
924,2020-02-13,1093,2006,402,3.0,594.0,0.0,Credit
925,2015-07-20,1084,2071,404,2.0,492.13,12.5,Digital
926,2009-04-16,1183,2057,401,0.0,873.96,8.5,Debit Card
927,2022-12-24,1194,2084,402,0.0,563.7,10.0,Digital
928,2013-08-28,1087,2045,403,2.0,499.42,150.0,Debit
929,2018-01-11,1179,2013,401,1.0,1683.65,10.0,Cash
930,2010-06-02,1126,2017,404,0.0,927.4,8.5,Debit Card
931,2021-09-04,1065,2078,402,1.0,127.81,12.5,Cash
932,2014-11-27,1030,2050,402,3.0,186.78,20.0,Debit-Card
933,2008-12-08,1005,2024,403,0.0,621.35,5.0,Cash
934,2023-08-31,1193,2053,401,0.0,1830.45,150.0,Debit
935,2012-07-12,1197,2057,404,1.0,1179.85,150.0,Credit
936,2017-02-25,1127,2000,401,3.0,969.31,5.0,Digital
937,2011-08-07,1149,2061,402,1.0,359.86,0.0,Cash
938,2020-05-16,1187,2016,401,3.0,2584.16,12.5,Debit-Card
939,2015-10-29,1168,2076,403,3.0,2418.21,10.0,credit
940,2009-03-19,1107,2077,402,2.0,898.93,25.0,Cash
941,2022-10-02,1101,2043,403,3.0,3493.8,-5.0,Digital
942,2013-12-30,1034,2017,404,2.0,0.0,15.0,Credit
943,2018-06-12,1179,2070,403,1.0,61.52,25.0,
944,2010-09-23,1051,2026,403,2.0,338.5,0.0,Debit Card
945,2021-12-16,1172,2016,402,2.0,516.83,-5.0,Debit
946,2014-05-09,1181,2014,403,3.0,246.3,5.0,Debit
947,2008-07-25,1149,2073,404,2.0,799.09,5.0,Cash
948,2023-09-28,1108,2001,401,0.0,412.35,3.0,Credit
949,2012-02-06,1097,2018,401,0.0,1084.52,3.0,Debit
950,2017-07-19,1051,2034,402,2.0,217.87,25.0,Debit
951,2011-04-28,1174,2032,402,0.0,4728.0,,Credit Card
952,2020-03-22,1176,2037,402,0.0,720.28,5.0,
953,2015-08-12,1091,2057,401,1.0,786.56,,Digital
954,2009-05-05,1190,2082,404,1.0,239.94,10.0,Digital
955,2022-11-25,1130,2089,403,0.0,413.52,10.0,Debit
956,2013-07-31,1097,2049,404,2.0,0.0,3.0,Digital
957,2018-12-14,1141,2006,401,2.0,0.0,,Debit Card
958,2010-08-29,1051,2079,404,1.0,1710.97,5.0,Debit
959,2021-07-02,1162,2090,403,1.0,257.9,25.0,Cash
960,2014-02-27,1198,2092,402,2.0,771.54,15.0,Credit
961,2008-09-17,1114,2022,401,1.0,3020.31,-5.0,credit
962,2023-10-20,1044,2094,401,3.0,493.35,25.0,credit
963,2012-06-30,1010,2054,403,2.0,720.41,8.5,Debit
964,2017-01-13,1033,2020,403,0.0,751.66,25.0,
965,2011-03-24,1084,2059,402,0.0,0.0,150.0,Cash
966,2020-04-26,1039,2041,401,2.0,0.0,,CASH
967,2015-09-03,1125,2073,403,0.0,1997.72,0.0,Cash
968,2009-06-20,1005,2090,403,1.0,193.43,3.0,
969,2022-12-07,1047,2066,401,1.0,464.45,25.0,Debit Card
970,2013-10-14,1106,2069,404,0.0,464.78,8.5,Cash
971,2018-03-07,1089,2028,402,2.0,0.0,12.5,Debit
972,2010-07-07,1084,2046,403,1.0,0.0,10.0,Debit
973,2021-08-24,1192,2079,404,0.0,950.54,5.0,Cash
974,2014-12-19,1029,2085,403,3.0,726.45,8.5,
975,2008-11-02,1061,2082,402,0.0,533.2,3.0,Digital
976,2023-11-15,1174,2041,404,0.0,804.21,7.5,
977,2012-09-04,1098,2032,403,0.0,0.0,20.0,Credit
978,2017-04-27,1132,2098,403,3.0,3631.44,15.0,Debit Card
979,2011-05-15,1124,2005,403,1.0,1157.71,3.0,CREDIT
980,2020-01-28,1082,2065,401,0.0,1411.02,0.0,Digital
981,2015-06-10,1042,2098,401,0.0,4539.3,,Debit Card
982,2009-07-23,1053,2085,402,3.0,726.45,,Credit
983,2022-10-16,1026,2026,404,0.0,423.12,5.0,Digital
984,2013-08-09,1191,2087,402,0.0,477.96,150.0,Digital
985,2018-11-18,1117,2091,403,0.0,1811.58,15.0,Cash
986,2010-12-05,1022,2009,401,1.0,119.36,15.0,Cash
987,2021-03-19,1064,2071,401,1.0,1107.29,150.0,Cash
988,2014-05-22,1066,2052,404,3.0,5118.82,,Credit
989,2008-08-26,1161,2051,404,2.0,375.42,3.0,Debit-Card
990,2023-12-01,1004,2049,401,0.0,939.84,10.0,Debit Card
991,2012-10-20,1164,2092,401,0.0,2893.26,10.0,Credit Card
992,2017-05-29,1179,2009,403,0.0,66.31,25.0,Debit Card
993,2011-07-12,1074,2087,403,0.0,477.96,150.0,Cash
994,2020-06-07,1072,2097,404,3.0,842.1,10.0,Cash
995,2015-01-02,1101,2084,401,3.0,1127.4,15.0,Cash
996,2009-04-09,1040,2068,402,1.0,2952.86,0.0,Cash
997,2022-09-09,1191,2050,403,1.0,504.31,5.0,Cash
998,2013-11-26,1076,2086,403,0.0,2682.3,10.0,Credit
999,2018-06-05,1141,2071,402,0.0,1230.32,5.0,CASH
1000,2010-08-31,1010,2000,404,0.0,3877.24,20.0,Credit
1001,2021-02-25,1078,2026,403,1.0,761.62,15.0,Debit
1002,2014-07-16,1105,2082,402,1.0,239.94,150.0,Digital
1003,2008-10-11,1047,2028,403,1.0,1148.29,10.0,Digital
1004,2023-05-04,1029,2023,401,3.0,2818.62,15.0,Cash
1005,2012-12-28,1165,2070,401,2.0,54.69,,credit
1006,2017-09-11,1171,2008,403,0.0,133.18,10.0,credit
1007,2011-03-06,1050,2092,404,2.0,771.54,5.0,Debit
1008,2020-08-23,1091,2016,402,0.0,1292.08,7.5,CREDIT
1009,2015-10-05,1072,2079,401,1.0,855.49,-5.0,Cash
1010,2009-05-18,1081,2062,404,2.0,495.49,3.0,Credit Card
1011,2022-11-12,1157,2084,403,1.0,253.67,20.0,credit
1012,2013-08-01,1144,2072,403,2.0,672.48,12.5,Digital
1013,2018-12-24,1109,2021,401,2.0,668.33,7.5,Debit Card
1014,2010-09-16,1063,2028,404,2.0,510.35,7.5,CREDIT
1015,2021-04-29,1092,2017,403,3.0,1854.8,5.0,Cash
1016,2014-11-08,1118,2057,403,2.0,699.17,7.5,Digital
1017,2008-06-13,1124,2070,401,1.0,30.76,0.0,
1018,2023-10-02,1165,2077,401,2.0,449.46,0.0,Credit Card
1019,2012-07-03,1035,2068,402,2.0,1968.58,0.0,CASH
1020,2017-02-16,1187,2080,401,0.0,0.0,0.0,CASH
1021,2011-04-19,1004,2064,401,3.0,882.12,12.5,Cash
1022,2020-05-28,1196,2075,402,0.0,2341.92,5.0,Debit Card
1023,2015-08-15,1141,2033,404,1.0,0.0,-5.0,credit
1024,2009-07-26,1093,2050,402,2.0,448.27,15.0,Credit Card
1025,2022-12-19,1034,2059,401,3.0,1536.15,-5.0,Debit Card
1026,2013-09-09,1093,2064,401,1.0,793.91,25.0,Credit
1027,2018-04-02,1157,2087,402,1.0,286.78,10.0,Debit
1028,2010-10-30,1114,2020,402,1.0,676.49,-5.0,Debit
1029,2021-07-13,1188,2093,404,2.0,1814.26,7.5,Debit-Card
1030,2014-12-26,1010,2028,404,1.0,1148.29,0.0,Debit
1031,2008-08-05,1016,2033,403,1.0,2257.88,20.0,Debit
1032,2023-11-06,1010,2085,402,2.0,387.44,15.0,Digital
1033,2012-05-25,1099,2060,404,0.0,0.0,150.0,Credit
1034,2017-10-19,1010,2083,403,0.0,768.16,5.0,Digital
1035,2011-06-08,1180,2066,403,2.0,1238.54,,
1036,2020-03-11,1148,2069,402,3.0,697.17,25.0,Credit
1037,2015-09-22,1167,2048,403,0.0,1072.89,0.0,Debit-Card
1038,2009-04-14,1132,2032,404,1.0,851.04,15.0,Debit Card
1039,2022-08-27,1132,2051,403,2.0,187.71,20.0,Credit
1040,2013-07-20,1124,2061,401,1.0,0.0,12.5,credit
1041,2018-11-03,1112,2021,402,0.0,835.41,10.0,credit
1042,2010-12-17,1131,2082,403,1.0,239.94,20.0,Digital
1043,2021-05-10,1038,2023,402,2.0,0.0,10.0,Digital
1044,2014-06-28,1154,2091,401,1.0,3260.84,0.0,Credit
1045,2008-09-21,1106,2042,401,3.0,1173.27,15.0,Credit
1046,2023-12-14,1172,2061,404,1.0,719.71,10.0,CREDIT
1047,2012-08-31,1151,2020,404,0.0,1127.49,20.0,credit
1048,2017-03-14,1062,2005,402,1.0,385.9,0.0,CREDIT
1049,2011-07-27,1034,2080,401,1.0,2996.14,12.5,Cash
1050,2020-06-20,1014,2021,403,1.0,1503.74,5.0,Credit
1051,2015-01-13,1132,2051,401,2.0,281.57,150.0,Debit
1052,2009-06-24,1021,2027,404,3.0,775.83,10.0,Debit
1053,2022-09-30,1123,2021,402,3.0,0.0,0.0,Digital
1054,2013-10-08,1153,2018,402,2.0,867.62,15.0,Credit
1055,2018-05-21,1042,2092,403,3.0,1446.63,15.0,Debit Card
1056,2010-11-04,1152,2075,401,1.0,2107.73,5.0,CREDIT
1057,2021-08-07,1096,2049,402,0.0,939.84,25.0,credit
1058,2014-03-03,1004,2025,404,1.0,0.0,,Digital
1059,2008-10-26,1155,2012,402,3.0,623.19,25.0,Credit
1060,2023-11-21,1157,2076,401,0.0,2418.21,15.0,credit
1061,2012-09-13,1023,2061,402,0.0,199.92,25.0,Digital
1062,2017-04-26,1198,2086,404,3.0,894.1,20.0,CASH
1063,2011-05-20,1094,2005,404,1.0,771.8,20.0,CREDIT
1064,2020-07-25,1123,2098,404,2.0,3631.44,8.5,Cash
1065,2015-12-09,1150,2094,401,3.0,2466.75,12.5,Cash
1066,2009-03-17,1034,2032,404,1.0,1702.08,0.0,CREDIT
1067,2022-10-11,1021,2036,404,2.0,348.77,-5.0,Credit
1068,2013-08-23,1048,2000,401,0.0,4846.55,3.0,Debit
1069,2018-01-06,1133,2000,404,1.0,872.38,5.0,Debit Card
1070,2010-08-12,1176,2040,404,2.0,55.26,25.0,Cash
1071,2021-09-15,1027,2019,404,2.0,747.14,7.5,CASH
1072,2014-04-18,1066,2068,404,2.0,1968.58,12.5,Credit
1073,2008-07-29,1156,2035,404,1.0,0.0,-5.0,CASH
1074,2023-12-08,1105,2070,404,1.0,0.0,0.0,CREDIT
1075,2012-06-22,1094,2071,404,2.0,984.26,15.0,Debit
1076,2017-11-05,1078,2073,403,3.0,499.43,3.0,Credit
1077,2011-02-09,1188,2017,401,1.0,417.33,8.5,Cash
1078,2020-04-02,1114,2089,402,0.0,827.04,-5.0,credit
1079,2015-07-24,1054,2065,404,2.0,376.27,3.0,Credit Card
1080,2009-08-28,1140,2078,401,1.0,255.62,3.0,Debit
1081,2022-11-03,1099,2081,401,0.0,1492.44,0.0,Cash
1082,2013-09-26,1037,2060,404,0.0,1225.14,150.0,Debit Card
1083,2018-02-19,1016,2033,402,2.0,2007.0,25.0,CASH
1084,2010-07-25,1020,2077,401,3.0,561.83,15.0,credit
1085,2021-06-06,1102,2078,403,0.0,142.01,0.0,Digital
1086,2014-10-10,1198,2022,404,3.0,671.18,7.5,CASH
1087,2008-12-01,1002,2025,403,1.0,503.32,12.5,Digital
1088,2023-09-19,1008,2076,402,1.0,1450.93,20.0,Cash
1089,2012-07-15,1172,2004,403,1.0,834.52,10.0,Debit
1090,2017-12-08,1167,2000,402,0.0,969.31,3.0,Cash
1091,2011-03-30,1070,2099,404,2.0,1551.17,3.0,Credit
1092,2020-05-13,1171,2050,404,1.0,168.1,5.0,Credit
1093,2015-08-26,1132,2001,401,0.0,2061.75,0.0,credit
1094,2009-05-07,1140,2036,403,2.0,348.77,5.0,Cash
1095,2022-10-24,1070,2028,402,3.0,2551.76,10.0,Credit Card
1096,2013-10-31,1103,2073,401,2.0,0.0,7.5,Debit
1097,2018-03-24,1044,2052,401,0.0,2193.78,8.5,Credit Card
1098,2010-09-09,1128,2037,403,0.0,0.0,10.0,Digital
1099,2021-08-18,1131,2032,403,3.0,4728.0,15.0,Debit
1100,2014-02-22,1096,2072,404,1.0,378.27,-5.0,Cash
1101,2008-08-15,1193,2043,404,3.0,2620.35,20.0,Credit
1102,2023-11-29,1150,2003,404,0.0,1155.54,0.0,credit
1103,2012-09-27,1066,2008,404,1.0,59.93,8.5,CASH
1104,2017-04-09,1173,2089,402,2.0,0.0,150.0,Cash
1105,2011-06-21,1105,2045,401,2.0,499.42,20.0,Digital
1106,2020-07-02,1063,2036,401,3.0,653.94,12.5,credit
1107,2015-01-16,1172,2095,403,0.0,981.58,10.0,Cash
1108,2009-06-11,1141,2022,404,2.0,0.0,0.0,Cash
1109,2022-12-22,1090,2027,403,1.0,698.25,,Debit
1110,2013-11-12,1191,2087,402,3.0,955.92,10.0,Cash
1111,2018-06-25,1188,2025,402,1.0,251.66,5.0,credit
1112,2010-10-04,1067,2026,402,1.0,380.81,-5.0,CASH
1113,2021-09-08,1063,2079,403,1.0,1710.97,150.0,Credit Card
1114,2014-04-11,1199,2013,401,0.0,5612.16,5.0,credit
1115,2008-11-18,1173,2084,404,0.0,281.85,15.0,Debit Card
1116,2023-10-15,1195,2069,401,3.0,697.17,8.5,Credit Card
1117,2012-08-02,1095,2079,403,3.0,950.54,12.5,Credit
1118,2017-01-25,1147,2035,404,1.0,809.99,8.5,Credit Card
1119,2011-05-04,1195,2065,403,3.0,1411.02,7.5,Credit Card
1120,2020-06-15,1056,2096,402,0.0,0.0,0.0,Debit
1121,2015-10-28,1134,2054,404,0.0,3602.04,,Debit
1122,2009-04-03,1128,2044,404,1.0,373.64,-5.0,Credit
1123,2022-11-05,1117,2015,404,2.0,1619.93,10.0,
1124,2013-12-13,1176,2001,401,1.0,371.12,15.0,Digital
1125,2018-07-28,1097,2074,401,2.0,527.6,15.0,Digital
1126,2010-08-08,1092,2078,403,1.0,383.43,5.0,Digital
1127,2021-12-11,1140,2033,402,2.0,1338.0,5.0,Cash
1128,2014-05-05,1120,2078,403,2.0,227.22,20.0,Credit
1129,2008-09-12,1047,2063,404,1.0,0.0,5.0,CASH
1130,2023-08-24,1107,2089,403,2.0,330.82,7.5,Cash
1131,2012-10-16,1102,2035,404,1.0,1619.98,5.0,CASH
1132,2017-03-17,1146,2016,402,0.0,0.0,20.0,Credit
1133,2011-06-14,1184,2034,402,3.0,680.85,10.0,Digital
1134,2020-04-19,1097,2025,402,1.0,1258.29,15.0,
1135,2015-09-01,1121,2001,402,3.0,0.0,0.0,Debit
1136,2009-07-10,1127,2017,403,3.0,0.0,25.0,Digital
1137,2022-10-07,1076,2032,401,3.0,6619.2,-5.0,Credit Card
1138,2013-08-18,1025,2088,402,0.0,0.0,-5.0,
1139,2018-11-21,1055,2032,404,0.0,945.6,10.0,Credit
1140,2010-09-28,1115,2095,403,2.0,0.0,3.0,CREDIT
1141,2021-07-30,1092,2046,403,2.0,80.23,7.5,Digital
1142,2014-12-12,1005,2052,401,2.0,1170.02,10.0,CASH
1143,2008-10-21,1173,2077,402,1.0,1516.94,-5.0,credit
1144,2023-09-03,1199,2036,403,2.0,871.92,0.0,Credit
1145,2012-07-07,1172,2065,404,3.0,2822.04,0.0,
1146,2017-12-20,1020,2048,403,3.0,1072.89,3.0,CREDIT
1147,2011-04-02,1161,2018,402,2.0,1301.42,0.0,Credit Card
1148,2020-05-25,1107,2080,404,0.0,4993.56,,Cash
1149,2015-08-08,1020,2020,403,1.0,1014.74,25.0,credit
1150,2009-03-31,1080,2040,403,2.0,55.26,,Debit Card
1151,2022-12-04,1154,2082,404,2.0,639.84,0.0,Debit Card
1152,2013-11-25,1113,2099,403,3.0,646.32,20.0,Debit Card
1153,2018-04-28,1105,2021,402,0.0,835.41,0.0,Digital
1154,2010-08-01,1032,2093,402,2.0,2419.01,3.0,Cash
1155,2021-09-22,1190,2089,401,1.0,0.0,20.0,Cash
1156,2014-03-26,1042,2050,401,0.0,1120.68,7.5,Debit
1157,2008-11-07,1016,2060,401,0.0,816.76,-5.0,CREDIT
1158,2023-10-28,1197,2050,401,0.0,560.34,0.0,Debit
1159,2012-10-29,1067,2079,402,0.0,1901.08,-5.0,CASH
1160,2017-05-12,1167,2049,403,1.0,0.0,10.0,Credit Card
1161,2011-06-26,1063,2094,403,3.0,493.35,,Debit
1162,2020-07-19,1160,2016,402,1.0,1162.87,0.0,Credit
1163,2015-02-05,1007,2004,403,2.0,2225.4,150.0,
1164,2009-08-14,1121,2059,403,3.0,2048.2,-5.0,Cash
1165,2022-11-17,1034,2089,402,3.0,2481.12,10.0,Debit-Card
1166,2013-12-07,1161,2095,404,2.0,392.63,3.0,Cash
1167,2018-07-02,1088,2061,402,0.0,799.68,12.5,credit
1168,2010-09-21,1113,2039,403,3.0,976.44,0.0,Debit
1169,2021-10-12,1066,2019,403,0.0,933.93,10.0,
1170,2014-05-19,1000,2066,402,2.0,412.85,5.0,Debit-Card
1171,2008-12-12,1073,2060,401,3.0,0.0,,Cash
1172,2023-08-07,1193,2061,403,0.0,199.92,0.0,credit
1173,2012-11-14,1196,2055,403,1.0,194.18,20.0,
1174,2017-06-27,1001,2070,403,1.0,61.52,20.0,Debit
1175,2011-07-09,1105,2071,404,3.0,615.16,15.0,Credit
1176,2020-08-04,1063,2020,404,3.0,375.83,10.0,Cash
1177,2015-01-29,1056,2033,401,3.0,836.25,0.0,Digital
1178,2009-04-25,1160,2030,403,2.0,271.95,150.0,Debit
1179,2022-12-30,1166,2095,403,3.0,1472.37,5.0,Debit
1180,2013-10-03,1048,2008,402,1.0,0.0,5.0,
1181,2018-11-16,1074,2014,404,3.0,738.9,15.0,Cash
1182,2010-10-18,1069,2089,404,1.0,372.17,25.0,Credit
1183,2021-05-07,1082,2002,402,0.0,1732.0,5.0,Digital
1184,2014-08-21,1136,2002,402,0.0,1732.0,,
1185,2008-07-04,1072,2034,402,3.0,0.0,15.0,Digital
1186,2023-09-26,1186,2001,402,0.0,824.7,8.5,credit
1187,2012-08-24,1038,2001,404,1.0,0.0,5.0,Debit Card
1188,2017-03-19,1087,2053,403,3.0,2440.6,150.0,CREDIT
1189,2011-04-12,1095,2059,401,2.0,1638.56,-5.0,credit
1190,2020-06-29,1020,2096,402,0.0,2688.72,3.0,Digital
1191,2015-11-11,1068,2099,404,0.0,1938.96,0.0,CREDIT
1192,2009-06-03,1139,2060,402,1.0,1102.63,5.0,CREDIT
1193,2022-10-20,1064,2048,401,0.0,715.26,5.0,Digital
1194,2013-09-14,1196,2091,402,3.0,0.0,150.0,Credit Card
1195,2018-04-07,1197,2056,402,0.0,1049.44,12.5,Debit
1196,2010-08-25,1050,2058,401,1.0,1800.22,25.0,Credit Card
1197,2021-07-14,1121,2049,403,2.0,751.87,-5.0,Digital
1198,2014-02-08,1040,2080,401,0.0,1664.52,25.0,CASH
1199,2008-11-30,1064,2061,403,1.0,179.93,150.0,Credit
1200,2023-12-17,1092,2006,402,0.0,198.0,7.5,Digital
1201,2012-09-05,1060,2081,404,2.0,1193.95,10.0,credit
1202,2017-10-22,1003,2021,403,0.0,2506.23,3.0,Cash
1203,2011-05-17,1101,2031,401,0.0,1130.6,5.0,Credit
1204,2020-04-14,1148,2088,404,1.0,0.0,25.0,Credit
1205,2015-08-31,1095,2098,401,1.0,2451.22,10.0,Digital
1206,2009-03-08,1040,2063,401,2.0,883.94,15.0,Debit
1207,2022-11-10,1194,2080,401,0.0,1664.52,7.5,CASH
1208,2013-08-12,1091,2082,402,0.0,0.0,0.0,Digital
1209,2018-01-25,1032,2062,402,2.0,1981.95,20.0,Debit Card
1210,2010-07-14,1142,2082,403,3.0,799.8,15.0,CASH
1211,2021-08-21,1187,2024,401,3.0,372.81,12.5,Debit
1212,2014-03-19,1091,2092,402,2.0,385.77,25.0,Debit Card
1213,2008-10-03,1010,2062,404,2.0,990.98,150.0,credit
1214,2023-09-09,1138,2089,404,1.0,744.34,25.0,
1215,2012-06-11,1145,2023,403,2.0,1503.26,,credit
1216,2017-11-28,1187,2059,403,1.0,1843.38,7.5,
1217,2011-04-05,1017,2067,402,3.0,0.0,0.0,credit
1218,2020-05-02,1075,2033,403,3.0,836.25,0.0,CREDIT
1219,2015-09-14,1000,2099,404,1.0,2326.75,8.5,Cash
1220,2009-02-17,1004,2079,403,1.0,0.0,10.0,credit
1221,2022-12-27,1082,2092,401,3.0,0.0,0.0,Debit-Card
1222,2013-07-17,1048,2067,404,1.0,785.56,10.0,CASH
1223,2018-10-10,1156,2036,403,3.0,0.0,0.0,
1224,2010-08-28,1164,2041,401,0.0,804.21,,Digital
1225,2021-07-07,1133,2084,401,0.0,0.0,150.0,Digital
1226,2014-12-01,1033,2022,401,1.0,604.06,5.0,
1227,2008-09-19,1027,2062,402,0.0,1238.72,15.0,Cash
1228,2023-10-23,1008,2073,404,3.0,1498.29,3.0,Digital
1229,2012-11-26,1134,2079,403,0.0,950.54,12.5,Cash
1230,2017-04-21,1093,2028,401,0.0,1275.88,,Credit
1231,2011-05-30,1053,2083,404,0.0,2304.48,8.5,credit
1232,2020-06-12,1119,2081,401,2.0,0.0,25.0,Debit
1233,2015-01-24,1142,2095,404,2.0,1177.9,15.0,Debit Card
1234,2009-06-27,1181,2007,403,0.0,583.39,12.5,Credit
1235,2022-11-02,1187,2009,403,0.0,265.24,-5.0,Debit Card
1236,2013-10-20,1055,2066,401,0.0,2580.3,20.0,Credit
1237,2018-05-15,1185,2029,404,1.0,12.16,12.5,Debit
1238,2010-09-03,1049,2067,402,1.0,261.86,0.0,Credit
1239,2021-08-26,1142,2095,404,0.0,1963.16,10.0,credit
1240,2014-03-12,1196,2081,403,3.0,746.22,20.0,Debit
1241,2008-08-07,1179,2085,404,0.0,242.15,12.5,Debit
1242,2023-12-10,1042,2023,404,2.0,2254.9,,Cash
1243,2012-10-05,1168,2020,404,2.0,601.33,0.0,CREDIT
1244,2017-01-18,1080,2070,403,2.0,0.0,,Digital
1245,2011-04-22,1105,2097,404,2.0,673.68,0.0,Debit Card
1246,2020-07-28,1155,2030,402,3.0,509.91,15.0,Debit
1247,2015-10-13,1196,2070,403,2.0,27.34,12.5,Digital
1248,2009-05-21,1115,2057,404,0.0,1747.92,0.0,Credit
1249,2022-12-01,1185,2004,403,0.0,2781.75,7.5,Credit
1250,2013-09-07,1132,2017,403,0.0,0.0,25.0,credit
1251,2018-02-12,1076,2028,402,2.0,1020.7,,Debit Card
1252,2010-07-21,1005,2098,403,1.0,3268.3,5.0,Digital
1253,2021-09-29,1024,2004,404,2.0,1483.6,25.0,Credit
1254,2014-04-25,1039,2017,403,2.0,370.96,20.0,Debit
1255,2008-10-14,1149,2031,402,2.0,904.48,10.0,Digital
1256,2023-11-18,1076,2011,404,1.0,737.53,5.0,Debit Card
1257,2012-08-17,1187,2009,403,3.0,198.93,25.0,Digital
1258,2017-03-02,1044,2062,401,2.0,495.49,10.0,Credit
1259,2011-05-24,1009,2093,404,0.0,0.0,5.0,Debit
1260,2020-08-09,1199,2007,403,2.0,1400.14,5.0,Debit
1261,2015-11-06,1111,2053,401,1.0,3294.81,0.0,Debit-Card
1262,2009-04-19,1191,2083,401,3.0,768.16,5.0,Debit
1263,2022-10-26,1013,2039,401,2.0,1562.3,0.0,Credit
1264,2013-08-05,1138,2072,402,2.0,672.48,25.0,Digital
1265,2018-11-09,1128,2089,402,1.0,744.34,150.0,Cash
1266,2010-06-10,1012,2086,404,3.0,2682.3,10.0,
1267,2021-05-24,1192,2076,401,1.0,1450.93,10.0,
1268,2014-01-27,1110,2037,404,1.0,324.13,0.0,Credit Card
1269,2008-07-23,1033,2043,401,3.0,4367.25,5.0,Debit
1270,2023-12-31,1146,2095,401,3.0,1963.16,0.0,Debit
1271,2012-09-19,1067,2010,404,3.0,0.0,20.0,Digital
1272,2017-04-14,1198,2089,402,1.0,744.34,15.0,credit
1273,2011-06-03,1123,2071,402,3.0,1845.48,0.0,credit
1274,2020-06-17,1101,2083,402,1.0,2074.03,150.0,CASH
1275,2015-10-02,1062,2009,403,3.0,66.31,7.5,Cash
1276,2009-03-12,1082,2087,401,0.0,318.64,3.0,credit
1277,2022-11-14,1171,2052,404,2.0,0.0,12.5,credit
1278,2013-07-10,1089,2024,403,2.0,298.25,0.0,Debit Card
1279,2018-12-03,1152,2083,401,2.0,1843.58,10.0,Cash
1280,2010-05-06,1043,2044,404,1.0,373.64,20.0,Debit
1281,2021-04-16,1112,2005,402,1.0,0.0,0.0,Debit
1282,2014-08-29,1175,2047,402,0.0,1004.94,15.0,Credit
1283,2008-12-20,1028,2094,401,1.0,888.03,10.0,Cash
1284,2023-09-16,1158,2018,403,0.0,2169.04,,Debit
1285,2012-10-23,1087,2088,401,2.0,567.48,5.0,Digital
1286,2017-05-25,1115,2060,401,2.0,980.11,8.5,Credit
1287,2011-07-16,1053,2094,402,1.0,888.03,,Debit
1288,2020-07-11,1139,2066,403,3.0,2580.3,0.0,Debit
1289,2015-02-18,1159,2093,402,0.0,0.0,12.5,Debit-Card
1290,2009-08-09,1096,2074,401,2.0,1055.2,0.0,CREDIT
1291,2022-12-08,1043,2007,403,1.0,525.05,,Credit
1292,2013-11-03,1178,2079,403,0.0,950.54,5.0,CREDIT
1293,2018-06-18,1119,2083,401,0.0,768.16,150.0,Debit Card
1294,2010-04-01,1099,2084,403,2.0,0.0,0.0,Debit Card
1295,2021-08-14,1027,2002,403,3.0,866.0,10.0,Digital
1296,2014-09-07,1059,2048,401,2.0,572.21,0.0,Debit Card
1297,2008-11-13,1124,2076,401,1.0,2176.39,25.0,Digital
1298,2023-10-30,1050,2064,404,0.0,1470.2,-5.0,
1299,2012-12-15,1010,2031,403,2.0,1356.72,-5.0,Cash
1300,2017-07-28,1125,2050,402,0.0,373.56,0.0,Credit
1301,2011-08-11,1088,2087,403,2.0,509.82,5.0,Debit
1302,2020-09-03,1160,2038,402,2.0,2223.62,15.0,Debit
1303,2015-03-22,1015,2080,403,3.0,2496.78,5.0,Debit-Card
1304,2009-09-26,1007,2071,403,1.0,553.64,10.0,Cash
1305,2022-11-21,1038,2043,404,1.0,786.1,15.0,Cash
1306,2013-10-15,1022,2093,404,1.0,2721.38,15.0,Cash
1307,2018-03-05,1106,2030,402,3.0,1019.82,8.5,Cash
1308,2010-05-20,1079,2077,403,3.0,561.83,15.0,Credit
1309,2021-10-05,1138,2016,402,1.0,872.15,5.0,credit
1310,2014-08-12,1148,2069,402,1.0,418.3,10.0,Debit
1311,2008-10-27,1079,2088,402,3.0,709.35,150.0,CASH
1312,2023-12-23,1197,2018,402,2.0,867.62,20.0,Credit
1313,2012-11-08,1017,2071,401,1.0,553.64,15.0,Cash
1314,2017-06-01,1081,2018,401,2.0,867.62,,Digital
1315,2011-07-19,1105,2052,403,3.0,731.26,0.0,CASH
1316,2020-08-18,1190,2081,403,1.0,0.0,3.0,Debit-Card
1317,2015-04-11,1199,2024,401,1.0,223.69,5.0,Digital
1318,2009-05-02,1047,2003,403,1.0,346.66,3.0,Credit
1319,2022-10-29,1152,2029,402,0.0,27.02,0.0,Debit
1320,2013-12-20,1091,2010,404,1.0,210.17,0.0,
1321,2018-07-15,1128,2077,404,2.0,0.0,-5.0,Debit
1322,2010-06-24,1047,2049,404,3.0,0.0,-5.0,Digital
1323,2021-11-27,1035,2020,402,1.0,676.49,15.0,Credit Card
1324,2014-02-03,1008,2052,401,2.0,585.01,20.0,Debit-Card
1325,2008-08-18,1105,2028,402,1.0,1148.29,10.0,Cash
1326,2023-11-24,1016,2022,404,3.0,2684.72,7.5,CREDIT
1327,2012-10-12,1176,2041,404,1.0,1447.58,8.5,Credit Card
1328,2017-05-04,1109,2051,401,3.0,469.28,12.5,Credit
1329,2011-06-29,1184,2040,404,0.0,103.62,-5.0,credit
1330,2020-09-26,1133,2013,404,3.0,3741.44,15.0,Cash
1331,2015-03-15,1010,2031,404,0.0,1130.6,,Cash
1332,2009-07-31,1142,2049,401,1.0,0.0,5.0,Credit Card
1333,2022-12-16,1074,2056,404,2.0,839.55,10.0,CASH
1334,2013-11-29,1198,2036,404,1.0,392.36,8.5,Debit
1335,2018-04-09,1108,2037,401,1.0,648.25,3.0,Debit
1336,2010-05-15,1118,2082,404,0.0,799.8,10.0,credit
1337,2021-06-02,1184,2064,401,1.0,264.64,10.0,Cash
1338,2014-09-18,1199,2074,402,3.0,1978.5,5.0,Credit
1339,2008-12-04,1105,2041,404,0.0,0.0,7.5,Debit
1340,2023-10-07,1045,2058,402,3.0,0.0,20.0,Digital
1341,2012-11-17,1023,2032,403,1.0,1702.08,0.0,Digital
1342,2017-06-20,1183,2093,401,0.0,2267.82,-5.0,CASH
1343,2011-08-04,1029,2090,404,2.0,57.31,5.0,Credit
1344,2020-07-07,1021,2067,404,1.0,261.86,10.0,Debit
1345,2015-04-24,1096,2070,404,0.0,136.72,3.0,Debit Card
1346,2009-09-09,1196,2021,403,1.0,751.87,20.0,Credit Card
1347,2022-11-28,1041,2018,402,0.0,1084.52,0.0,Digital
1348,2013-12-25,1107,2039,403,3.0,0.0,150.0,Credit
1349,2018-05-29,1073,2080,402,0.0,3329.04,15.0,CASH
1350,2010-06-07,1033,2025,401,2.0,671.09,10.0,Debit-Card
1351,2021-08-31,1003,2058,404,3.0,2000.25,25.0,CREDIT
1352,2014-03-08,1139,2000,404,1.0,1744.76,10.0,Debit-Card
1353,2008-09-02,1055,2075,404,3.0,3122.56,20.0,CREDIT
1354,2023-12-12,1104,2056,401,0.0,1574.16,15.0,Cash
1355,2012-10-26,1062,2070,403,1.0,30.76,,CREDIT
1356,2017-03-31,1012,2023,402,0.0,2818.62,0.0,
1357,2011-07-23,1167,2044,401,1.0,560.47,0.0,Cash
1358,2020-09-21,1008,2085,403,2.0,0.0,7.5,Digital
1359,2015-05-16,1022,2006,401,3.0,990.0,10.0,Debit Card
1360,2009-04-28,1045,2020,403,1.0,1352.99,,Debit Card
1361,2022-10-14,1116,2095,403,0.0,981.58,15.0,CASH
1362,2013-09-21,1023,2098,403,2.0,1452.58,12.5,CREDIT
1363,2018-02-26,1094,2048,401,3.0,1072.89,25.0,Cash
1364,2010-05-29,1140,2008,403,3.0,0.0,12.5,Credit
1365,2021-07-20,1034,2015,403,2.0,1079.95,10.0,Credit Card
1366,2014-08-05,1134,2052,402,1.0,1316.27,20.0,
1367,2008-11-22,1156,2007,401,0.0,1750.17,12.5,Credit
1368,2023-11-07,1123,2092,403,3.0,0.0,3.0,Credit Card
1369,2012-12-10,1155,2040,403,2.0,27.63,0.0,CASH
1370,2017-07-13,1033,2078,404,3.0,568.04,25.0,Debit
1371,2011-08-26,1126,2023,402,2.0,2254.9,7.5,Debit
1372,2020-10-28,1049,2000,401,0.0,3877.24,25.0,Cash
1373,2015-06-01,1119,2080,401,1.0,0.0,5.0,CREDIT
1374,2009-07-15,1157,2053,404,0.0,1830.45,5.0,Credit
1375,2022-12-03,1085,2044,402,0.0,207.58,-5.0,Digital
1376,2013-10-28,1163,2025,403,2.0,447.39,15.0,Credit
1377,2018-05-08,1017,2039,403,2.0,3905.76,25.0,Credit
1378,2010-04-12,1196,2000,401,2.0,0.0,3.0,Digital
1379,2021-09-12,1087,2050,401,1.0,168.1,20.0,Credit
1380,2014-01-15,1049,2042,403,3.0,670.44,15.0,Debit Card
1381,2008-06-26,1121,2004,402,3.0,3709.0,10.0,Cash
1382,2023-10-18,1039,2080,404,2.0,665.81,0.0,Debit
1383,2012-11-21,1118,2052,401,2.0,0.0,-5.0,Cash
1384,2017-04-17,1144,2092,403,0.0,1446.63,10.0,Digital
1385,2011-09-14,1053,2073,403,2.0,1198.63,0.0,Credit
1386,2020-08-01,1016,2019,403,0.0,0.0,10.0,Credit
1387,2015-03-04,1086,2048,402,3.0,1072.89,5.0,Cash
1388,2009-08-20,1047,2076,401,2.0,0.0,10.0,Digital
1389,2022-11-19,1180,2040,401,2.0,110.53,0.0,Debit Card
1390,2013-12-02,1105,2011,404,1.0,0.0,3.0,Debit Card
1391,2018-06-23,1095,2057,403,1.0,786.56,15.0,
1392,2010-07-09,1134,2038,402,0.0,926.51,10.0,Cash
1393,2021-10-22,1095,2004,402,0.0,0.0,0.0,Debit
1394,2014-04-14,1113,2064,401,3.0,294.04,10.0,Credit
1395,2008-10-08,1128,2019,402,2.0,1494.29,10.0,Digital
1396,2023-12-05,1123,2093,403,2.0,3023.76,15.0,Credit Card
1397,2012-12-29,1036,2098,401,1.0,817.07,20.0,Debit
1398,2017-07-26,1052,2092,401,3.0,1928.84,25.0,Debit Card
1399,2011-08-19,1099,2091,401,0.0,905.79,7.5,Credit
1400,2020-09-15,1079,2005,401,2.0,1715.12,10.0,Debit
1401,2015-05-11,1119,2005,401,2.0,686.05,10.0,credit
1402,2009-03-24,1005,2073,403,1.0,0.0,,Debit
1403,2022-10-09,1082,2025,402,2.0,223.7,5.0,Debit Card
1404,2013-11-16,1070,2068,403,3.0,2460.72,15.0,Debit Card
1405,2018-08-21,1171,2015,403,1.0,0.0,7.5,Cash
1406,2010-06-13,1040,2035,401,0.0,899.99,12.5,Cash
1407,2021-11-04,1159,2071,401,1.0,1660.93,10.0,credit
1408,2014-02-17,1138,2044,403,2.0,0.0,5.0,Credit
1409,2008-07-31,1036,2090,403,1.0,0.0,5.0,Debit
1410,2023-09-14,1043,2009,403,2.0,106.1,10.0,CASH
1411,2012-09-02,1138,2056,401,1.0,944.5,150.0,CREDIT
1412,2017-12-15,1007,2060,401,0.0,816.76,5.0,Cash
1413,2011-10-07,1098,2006,401,3.0,990.0,15.0,Debit
1414,2020-12-18,1100,2022,404,2.0,1610.83,25.0,Debit
1415,2015-07-07,1079,2042,402,0.0,167.61,8.5,
1416,2009-04-11,1193,2097,404,1.0,2273.67,5.0,Credit
1417,2022-11-13,1023,2089,404,0.0,413.52,10.0,Cash
1418,2013-10-11,1116,2039,404,3.0,3905.76,20.0,Debit Card
1419,2018-03-28,1059,2028,402,2.0,1531.06,3.0,Cash
1420,2010-05-04,1093,2050,402,2.0,298.85,10.0,Cash
1421,2021-08-05,1083,2058,404,0.0,2000.25,20.0,
1422,2014-09-23,1016,2060,401,2.0,653.41,25.0,Credit
1423,2008-08-29,1122,2059,402,2.0,1228.92,3.0,Cash
1424,2023-10-12,1196,2044,402,0.0,207.58,20.0,Cash
1425,2012-12-04,1103,2091,401,2.0,2173.9,,Digital
1426,2017-05-30,1142,2083,401,2.0,1229.06,-5.0,Digital
1427,2011-09-07,1136,2059,404,3.0,2560.25,8.5,Digital
1428,2020-10-10,1061,2079,402,1.0,2566.46,10.0,CASH
1429,2015-04-07,1123,2049,401,2.0,751.87,25.0,Cash
1430,2009-06-16,1053,2088,404,3.0,709.35,0.0,credit
1431,2022-12-21,1145,2043,402,1.0,1572.21,20.0,Debit
1432,2013-08-14,1169,2085,401,3.0,1210.75,25.0,Credit
1433,2018-11-07,1029,2075,404,2.0,1249.02,5.0,Digital
1434,2010-04-17,1142,2012,404,1.0,1682.61,0.0,Digital
1435,2021-07-27,1078,2051,401,0.0,117.32,10.0,Debit
1436,2014-03-30,1175,2076,404,2.0,1289.71,-5.0,Cash
1437,2008-09-07,1126,2082,401,0.0,1066.4,5.0,Digital
1438,2023-11-26,1055,2017,401,1.0,1669.32,0.0,Credit Card
1439,2012-10-31,1169,2019,404,2.0,747.14,10.0,Debit-Card
1440,2017-06-14,1099,2078,404,1.0,383.43,3.0,Digital
1441,2011-10-20,1052,2087,403,2.0,0.0,12.5,Cash
1442,2020-11-29,1145,2086,403,3.0,2682.3,10.0,Debit Card
1443,2015-08-04,1183,2044,401,0.0,1037.9,10.0,
1444,2009-05-09,1156,2065,404,1.0,423.31,8.5,credit
1445,2022-10-05,1075,2007,403,0.0,1166.78,0.0,Credit
1446,2013-09-18,1000,2090,403,0.0,143.28,25.0,CREDIT
1447,2018-04-25,1072,2003,402,3.0,0.0,15.0,Digital
1448,2010-07-02,1179,2075,404,2.0,1873.54,10.0,CASH
1449,2021-12-09,1182,2048,404,3.0,357.63,25.0,credit
1450,2014-06-11,1111,2069,402,1.0,836.6,0.0,CREDIT
1451,2008-10-24,1121,2017,402,3.0,2782.2,15.0,Debit Card
1452,2023-12-28,1092,2053,402,2.0,1464.36,15.0,Debit Card
1453,2012-11-30,1171,2016,402,0.0,646.04,12.5,
1454,2017-07-07,1018,2082,401,1.0,0.0,12.5,credit
1455,2011-08-02,1184,2062,404,1.0,1672.27,5.0,Cash
1456,2020-09-14,1021,2017,404,3.0,463.7,7.5,Cash
1457,2015-05-26,1178,2077,404,1.0,505.65,20.0,Cash
1458,2009-04-02,1116,2065,404,3.0,470.34,15.0,Debit Card
1459,2022-11-20,1098,2045,402,1.0,280.93,5.0,Debit
1460,2013-10-06,1108,2077,401,3.0,1685.49,0.0,Cash
1461,2018-09-19,1187,2030,403,3.0,509.91,5.0,Debit
1462,2010-05-18,1139,2073,403,0.0,499.43,15.0,credit
1463,2021-10-17,1009,2072,404,2.0,0.0,-5.0,Digital
1464,2014-01-21,1028,2074,404,0.0,3297.5,5.0,Debit
1465,2008-06-09,1036,2093,403,3.0,0.0,12.5,Debit
1466,2023-08-02,1132,2010,401,1.0,0.0,0.0,Digital
1467,2012-12-22,1120,2080,401,2.0,665.81,10.0,Debit
1468,2017-08-16,1156,2006,403,0.0,198.0,0.0,Cash
1469,2011-09-28,1120,2058,404,2.0,1600.2,10.0,Credit
1470,2020-12-12,1107,2045,403,2.0,249.71,10.0,Credit Card
1471,2015-06-29,1042,2004,403,2.0,0.0,15.0,Credit
1472,2009-07-20,1015,2080,404,1.0,749.03,15.0,Credit
1473,2022-10-27,1146,2006,403,0.0,792.0,12.5,Credit Card
1474,2013-08-27,1073,2062,401,1.0,1114.85,10.0,Debit Card
1475,2018-01-14,1129,2009,403,2.0,0.0,10.0,Credit
1476,2010-04-23,1033,2078,403,2.0,340.82,,Cash
1477,2021-09-01,1065,2001,401,1.0,371.12,3.0,CASH
1478,2014-07-12,1151,2094,402,3.0,493.35,-5.0,Credit
1479,2008-08-14,1094,2022,403,1.0,0.0,15.0,Credit
1480,2023-11-03,1124,2023,401,2.0,2254.9,10.0,Digital
1481,2012-10-09,1021,2018,402,3.0,542.26,-5.0,Debit
1482,2017-03-23,1192,2052,404,1.0,0.0,0.0,CASH
1483,2011-10-24,1169,2056,402,1.0,944.5,5.0,Debit
1484,2020-11-07,1147,2093,403,0.0,2267.82,8.5,Debit
1485,2015-04-28,1164,2033,401,0.0,836.25,25.0,credit
1486,2009-05-30,1042,2059,404,3.0,3072.3,3.0,credit
1487,2022-12-13,1077,2060,402,3.0,1633.52,3.0,CASH
1488,2013-09-12,1174,2090,404,3.0,286.56,0.0,Digital
1489,2018-10-04,1067,2018,404,0.0,2169.04,20.0,Debit
1490,2010-03-16,1073,2057,404,2.0,349.58,15.0,CREDIT
1491,2021-08-10,1135,2087,401,0.0,318.64,12.5,Debit Card
1492,2014-08-26,1136,2081,403,3.0,2238.66,12.5,Credit Card
1493,2008-07-07,1156,2083,403,2.0,1229.06,0.0,Digital
1494,2023-10-01,1069,2034,401,2.0,217.87,7.5,credit
1495,2012-11-19,1167,2074,404,3.0,2638.0,150.0,Debit-Card
1496,2017-06-07,1197,2086,402,1.0,2414.07,10.0,Debit
1497,2011-07-31,1133,2043,402,2.0,1397.52,8.5,CASH
1498,2020-12-25,1140,2001,401,0.0,1237.05,,Debit
1499,2015-05-21,1003,2052,401,0.0,731.26,5.0,Cash
1500,2009-06-25,1175,2057,403,1.0,1179.85,15.0,Digital
1501,2022-11-09,1185,2036,403,1.0,980.91,0.0,CREDIT
1502,2013-10-30,1008,2003,401,0.0,0.0,150.0,CREDIT
1503,2018-05-05,1152,2084,402,0.0,281.85,8.5,Debit
1504,2010-04-08,1181,2015,401,1.0,1214.95,20.0,Cash
1505,2021-09-18,1096,2084,402,0.0,0.0,20.0,
1506,2014-02-11,1178,2023,403,2.0,1503.26,15.0,CREDIT
1507,2008-08-21,1119,2084,401,3.0,0.0,8.5,Digital
1508,2023-12-02,1070,2098,404,2.0,1452.58,0.0,Debit
1509,2012-12-06,1065,2020,401,2.0,300.66,8.5,Credit Card
1510,2017-07-21,1198,2007,404,3.0,2333.56,,Debit
1511,2011-09-11,1085,2007,403,2.0,933.42,7.5,Digital
1512,2020-10-03,1045,2056,401,3.0,3148.32,20.0,CASH
1513,2015-03-17,1051,2078,404,1.0,383.43,,CASH
1514,2009-07-04,1165,2062,401,1.0,557.42,10.0,
1515,2022-10-19,1138,2098,404,1.0,817.07,-5.0,Debit Card
1516,2013-08-08,1157,2082,401,3.0,1066.4,150.0,CASH
1517,2018-12-17,1183,2033,401,0.0,0.0,0.0,Digital
1518,2010-05-21,1018,2009,403,3.0,0.0,5.0,
1519,2021-11-11,1004,2063,402,0.0,552.46,20.0,Credit
1520,2014-06-24,1009,2085,404,2.0,193.72,5.0,Debit
1521,2008-09-25,1038,2089,403,3.0,1240.56,-5.0,credit
1522,2023-11-17,1147,2000,404,3.0,4846.55,7.5,Credit
1523,2012-10-02,1111,2051,401,1.0,211.18,12.5,
1524,2017-05-18,1000,2049,404,0.0,5639.04,15.0,Credit
1525,2011-08-15,1145,2068,403,2.0,656.19,15.0,credit
1526,2020-12-05,1174,2038,404,0.0,1853.02,-5.0,Digital
1527,2015-04-21,1161,2082,401,2.0,213.28,7.5,CASH
1528,2009-08-18,1136,2043,401,3.0,3493.8,0.0,Credit
1529,2022-12-06,1194,2098,403,1.0,2451.22,15.0,CREDIT
1530,2013-07-24,1045,2070,401,3.0,102.54,3.0,CREDIT
1531,2018-10-29,1169,2024,403,3.0,621.35,150.0,Credit
1532,2010-06-16,1027,2080,403,3.0,2496.78,,Debit-Card
1533,2021-07-05,1021,2080,404,1.0,2247.1,0.0,CASH
1534,2014-01-08,1035,2004,402,0.0,1854.5,8.5,
1535,2008-10-30,1184,2075,402,3.0,2341.92,0.0,Debit
1536,2023-09-11,1099,2008,403,3.0,66.59,10.0,Debit
1537,2012-11-11,1136,2057,401,0.0,1310.94,15.0,CASH
1538,2017-06-30,1086,2007,403,0.0,1750.17,0.0,Digital
1539,2011-10-13,1103,2015,402,3.0,2024.91,10.0,
1540,2020-11-02,1173,2068,402,1.0,0.0,5.0,Digital
1541,2015-05-04,1018,2004,402,3.0,927.25,0.0,credit
1542,2009-09-17,1167,2002,404,0.0,866.0,150.0,CASH
1543,2022-10-31,1062,2089,402,0.0,2067.6,12.5,CASH
1544,2013-08-31,1044,2080,401,2.0,665.81,10.0,CASH
1545,2018-03-14,1024,2058,402,0.0,2000.25,-5.0,Credit
1546,2010-07-26,1027,2014,404,1.0,443.34,0.0,credit
1547,2021-08-28,1016,2025,404,2.0,671.09,15.0,Debit-Card
1548,2014-03-05,1188,2086,404,2.0,2861.12,0.0,CASH
1549,2008-12-27,1030,2087,402,2.0,382.37,15.0,Debit Card
1550,2023-11-22,1054,2097,401,1.0,2273.67,10.0,Cash
1551,2012-12-17,1085,2008,401,2.0,106.54,25.0,
1552,2017-07-24,1036,2096,404,1.0,1814.89,0.0,Debit-Card
1553,2011-09-05,1178,2047,402,3.0,1004.94,25.0,Cash
1554,2020-10-20,1062,2074,401,1.0,1187.1,20.0,Credit
1555,2015-06-12,1025,2080,404,1.0,3745.17,12.5,Debit Card
1556,2009-08-11,1004,2062,401,0.0,2477.44,-5.0,CREDIT
1557,2022-12-15,1001,2022,401,2.0,536.94,8.5,Credit Card
1558,2013-07-29,1106,2088,404,1.0,1276.83,15.0,Cash
1559,2018-11-20,1052,2018,403,3.0,2169.04,0.0,credit
1560,2010-04-14,1105,2030,402,0.0,339.94,-5.0,CASH
1561,2021-09-24,1152,2023,404,0.0,1879.08,-5.0,Debit
1562,2014-08-19,1160,2038,403,3.0,0.0,20.0,CASH
1563,2008-09-09,1001,2071,402,1.0,1660.93,12.5,Cash
1564,2023-10-26,1030,2067,401,2.0,465.52,15.0,Credit
1565,2012-11-23,1194,2069,402,3.0,929.56,15.0,Debit Card
1566,2017-08-09,1197,2080,402,2.0,1331.62,12.5,Credit Card
1567,2011-10-17,1013,2024,401,1.0,335.53,,Digital
1568,2020-11-14,1175,2060,404,1.0,735.08,20.0,Debit Card
1569,2015-07-15,1040,2085,401,0.0,484.3,5.0,Credit
1570,2009-06-07,1165,2046,403,1.0,60.17,0.0,Cash
1571,2022-11-27,1111,2032,403,3.0,3782.4,8.5,credit
1572,2013-09-04,1011,2013,401,1.0,1683.65,5.0,Debit
1573,2018-12-22,1040,2003,404,0.0,385.18,5.0,Cash
1574,2010-03-11,1018,2030,404,2.0,135.98,15.0,Cash
1575,2021-08-02,1107,2025,403,1.0,754.97,12.5,Credit Card
1576,2014-05-02,1199,2014,403,1.0,0.0,7.5,Debit-Card
1577,2008-10-05,1025,2030,404,1.0,0.0,10.0,Credit
1578,2023-12-20,1096,2028,401,3.0,2551.76,12.5,CASH
1579,2012-12-01,1149,2062,401,3.0,1858.08,12.5,Debit Card
1580,2017-05-16,1037,2027,404,1.0,465.5,12.5,Credit
1581,2011-11-08,1099,2047,402,3.0,0.0,3.0,Digital
1582,2020-10-15,1184,2024,403,2.0,198.83,-5.0,CASH
1583,2015-08-10,1051,2042,402,0.0,167.61,0.0,Credit
1584,2009-07-28,1177,2072,401,2.0,672.48,20.0,Debit
1585,2022-12-09,1034,2014,404,3.0,985.2,150.0,credit
1586,2013-08-26,1107,2021,403,1.0,751.87,15.0,Credit
1587,2018-02-02,1075,2077,402,1.0,2528.24,15.0,Cash
1588,2010-04-19,1147,2070,402,0.0,34.18,0.0,credit
1589,2021-09-07,1105,2066,404,1.0,928.91,15.0,credit
1590,2014-06-06,1151,2060,404,2.0,653.41,20.0,Credit
1591,2008-11-16,1003,2093,404,1.0,680.35,3.0,CREDIT
1592,2023-10-08,1063,2041,404,1.0,2171.37,10.0,CREDIT
1593,2012-10-28,1151,2019,401,3.0,933.93,20.0,Digital
1594,2017-07-18,1011,2005,404,0.0,428.78,10.0,Credit
1595,2011-08-22,1108,2067,404,3.0,290.95,5.0,Debit
1596,2020-12-29,1178,2012,404,3.0,623.19,150.0,Digital
1597,2015-09-19,1061,2010,401,3.0,389.2,10.0,Digital
1598,2009-08-04,1055,2016,403,2.0,0.0,12.5,Credit
1599,2022-11-23,1061,2082,401,0.0,266.6,150.0,Cash
1600,2013-07-13,1122,2085,403,1.0,217.94,150.0,CASH
1601,2018-10-18,1180,2058,401,3.0,666.75,,Credit
1602,2010-05-25,1118,2098,402,3.0,907.86,20.0,Digital
1603,2021-06-09,1047,2047,404,0.0,334.98,5.0,Credit
1604,2014-01-24,1160,2009,404,2.0,0.0,7.5,Credit
1605,2008-12-14,1135,2004,403,3.0,3709.0,150.0,Credit Card
1606,2023-09-25,1192,2034,402,0.0,0.0,7.5,credit
1607,2012-11-05,1158,2042,401,2.0,402.26,5.0,credit
1608,2017-08-28,1013,2014,404,2.0,197.04,7.5,Debit
1609,2011-09-19,1119,2079,401,2.0,4562.59,3.0,Debit Card
1610,2020-11-23,1093,2022,401,1.0,604.06,0.0,CASH
1611,2015-04-10,1035,2042,402,0.0,335.22,8.5,Credit Card
1612,2009-07-11,1166,2061,402,1.0,179.93,10.0,Digital
1613,2022-12-24,1082,2045,403,3.0,312.14,12.5,Debit
1614,2013-06-21,1070,2006,401,2.0,633.6,10.0,Cash
1615,2018-01-09,1088,2057,404,0.0,436.98,0.0,Credit Card
1616,2010-03-29,1120,2090,403,3.0,214.92,7.5,Debit
1617,2021-07-12,1158,2047,401,1.0,904.45,15.0,CREDIT
1618,2014-08-15,1117,2011,401,3.0,0.0,15.0,CREDIT
1619,2008-10-01,1045,2036,401,0.0,217.98,7.5,Cash
1620,2023-11-13,1042,2035,401,1.0,809.99,10.0,Cash
1621,2012-09-08,1127,2019,402,0.0,933.93,0.0,CREDIT
1622,2017-04-03,1075,2053,402,3.0,2440.6,20.0,Debit-Card
1623,2011-10-26,1088,2053,404,0.0,610.15,,CREDIT
1624,2020-12-22,1074,2024,401,0.0,248.54,12.5,
1625,2015-07-29,1059,2066,403,3.0,2064.24,150.0,Digital
1626,2009-08-21,1148,2043,403,3.0,873.45,8.5,CASH
1627,2022-11-16,1151,2085,404,3.0,726.45,12.5,Debit Card
1628,2013-07-06,1077,2072,402,2.0,1008.72,150.0,
1629,2018-12-11,1043,2033,402,3.0,836.25,0.0,Debit-Card
1630,2010-04-26,1095,2036,401,1.0,392.36,-5.0,CASH
1631,2021-10-10,1090,2036,404,1.0,588.55,12.5,credit
1632,2014-02-28,1158,2020,403,1.0,676.49,,Digital
1633,2008-11-20,1044,2090,402,1.0,0.0,7.5,Debit-Card
1634,2023-12-29,1060,2014,401,2.0,591.12,15.0,CREDIT
1635,2012-12-27,1147,2016,404,2.0,516.83,10.0,Debit
1636,2017-09-15,1094,2023,402,0.0,1879.08,5.0,Debit
1637,2011-11-12,1170,2040,403,1.0,0.0,5.0,Debit
1638,2020-11-26,1095,2057,402,2.0,349.58,,Debit
1639,2015-08-27,1031,2003,404,3.0,0.0,5.0,Debit-Card
1640,2009-09-23,1196,2018,404,2.0,433.81,0.0,Credit
1641,2022-10-22,1039,2000,403,2.0,775.45,-5.0,Debit Card
1642,2013-06-28,1121,2037,402,3.0,1080.42,0.0,credit
1643,2018-11-14,1086,2088,401,3.0,2837.4,-5.0,Credit
1644,2010-05-11,1010,2017,401,2.0,1112.88,150.0,Digital
1645,2021-09-03,1006,2051,402,3.0,351.96,3.0,CASH
1646,2014-03-22,1091,2011,403,0.0,819.48,15.0,CASH
1647,2008-12-09,1155,2082,402,1.0,959.76,25.0,Debit
1648,2023-11-05,1005,2098,403,1.0,817.07,7.5,CASH
1649,2012-10-14,1005,2010,404,0.0,233.52,15.0,Credit
1650,2017-05-21,1131,2050,402,3.0,747.12,10.0,Digital
1651,2011-11-25,1081,2077,401,2.0,1797.86,0.0,
1652,2020-12-08,1101,2018,404,2.0,867.62,10.0,Debit
1653,2015-09-08,1098,2047,401,2.0,1071.94,-5.0,credit
1654,2009-10-16,1088,2044,403,3.0,830.32,,Credit
1655,2022-12-18,1143,2011,402,3.0,1229.22,8.5,Debit
1656,2013-07-31,1189,2053,404,2.0,1464.36,10.0,CREDIT
1657,2018-02-26,1041,2093,404,3.0,2267.82,7.5,credit
1658,2010-06-30,1035,2075,401,1.0,1405.15,-5.0,credit
1659,2021-10-24,1053,2038,404,2.0,2964.83,5.0,Digital
1660,2014-04-03,1016,2075,404,0.0,3122.56,3.0,Debit
1661,2008-08-08,1001,2052,403,3.0,731.26,10.0,Credit
1662,2023-12-27,1044,2071,404,1.0,553.64,15.0,Debit
1663,2012-11-16,1051,2023,404,2.0,0.0,8.5,Debit Card
1664,2017-08-02,1141,2062,401,2.0,1486.46,5.0,Digital
1665,2011-12-09,1149,2038,404,3.0,926.51,-5.0,Cash
1666,2020-11-19,1057,2003,401,1.0,2079.97,-5.0,credit
1667,2015-10-16,1067,2038,404,0.0,926.51,150.0,CREDIT
1668,2009-11-27,1167,2085,403,3.0,242.15,0.0,CREDIT
1669,2022-10-04,1045,2062,402,0.0,1858.08,,CASH
1670,2013-06-14,1030,2097,403,3.0,3368.4,15.0,
1671,2018-09-26,1017,2076,403,3.0,0.0,15.0,Credit
1672,2010-07-30,1144,2055,403,3.0,161.82,25.0,credit
1673,2021-08-13,1177,2015,403,0.0,674.97,20.0,CREDIT
1674,2014-05-20,1066,2020,401,1.0,1014.74,12.5,
1675,2008-09-03,1081,2059,402,2.0,409.64,20.0,credit
1676,2023-11-30,1041,2006,403,2.0,475.2,25.0,credit
1677,2012-12-24,1107,2081,403,0.0,3731.1,10.0,Debit Card
1678,2017-07-10,1074,2037,401,1.0,0.0,5.0,Cash
1679,2011-08-01,1196,2080,402,0.0,832.26,,Debit Card
1680,2020-12-15,1153,2096,402,2.0,1075.49,3.0,Debit
1681,2015-09-25,1080,2087,403,2.0,127.46,,Debit Card
1682,2009-10-07,1175,2089,403,0.0,2067.6,12.5,Credit
1683,2022-12-11,1136,2074,403,1.0,593.55,0.0,Credit Card
1684,2013-05-19,1003,2017,403,2.0,1112.88,10.0,CREDIT
1685,2018-10-23,1199,2062,404,2.0,990.98,15.0,CASH
1686,2010-04-05,1041,2013,402,1.0,1683.65,15.0,Debit
1687,2021-07-26,1128,2028,402,0.0,0.0,-5.0,CREDIT
1688,2014-08-08,1106,2058,401,0.0,1333.5,20.0,Cash
1689,2008-07-17,1033,2002,404,2.0,1385.6,5.0,Debit-Card
1690,2023-10-29,1079,2088,403,1.0,2553.66,20.0,CASH
1691,2012-08-13,1113,2076,403,1.0,0.0,7.5,Debit Card
1692,2017-03-07,1181,2038,401,0.0,2779.53,0.0,Digital
1693,2011-11-29,1056,2016,402,1.0,872.15,,Debit Card
1694,2020-10-01,1078,2016,402,1.0,872.15,25.0,Debit
1695,2015-04-17,1020,2054,401,0.0,1801.02,8.5,Digital
1696,2009-11-10,1004,2099,404,3.0,0.0,3.0,credit
1697,2022-11-08,1010,2025,401,0.0,559.24,7.5,Digital
1698,2013-04-09,1168,2065,401,3.0,1411.02,0.0,
1699,2018-09-09,1030,2032,401,0.0,945.6,5.0,Credit
1700,2010-03-04,1077,2085,401,0.0,0.0,3.0,Debit
1701,2021-06-18,1005,2015,402,1.0,0.0,5.0,Digital
1702,2014-07-04,1047,2085,403,0.0,242.15,-5.0,Credit Card
1703,2008-08-25,1023,2018,403,2.0,0.0,5.0,Debit-Card
1704,2023-12-24,1090,2020,402,0.0,751.66,-5.0,Digital
1705,2012-09-28,1025,2074,401,1.0,593.55,10.0,CASH
1706,2017-04-20,1183,2024,403,1.0,335.53,7.5,credit
1707,2011-12-22,1193,2068,401,0.0,820.24,7.5,Debit Card
1708,2020-11-11,1054,2064,404,2.0,235.23,,Debit-Card
1709,2015-08-14,1178,2075,402,3.0,5464.48,8.5,Debit
1710,2009-12-03,1172,2013,402,2.0,2244.86,5.0,Digital
1711,2022-10-28,1097,2054,402,1.0,810.46,25.0,Debit-Card
1712,2013-05-24,1104,2014,403,0.0,246.3,5.0,Credit Card
1713,2018-10-07,1119,2014,402,3.0,1231.5,5.0,CREDIT
1714,2010-04-21,1195,2046,403,0.0,100.29,25.0,Debit
1715,2021-09-16,1021,2041,404,0.0,0.0,5.0,Cash
1716,2014-02-05,1098,2036,404,2.0,0.0,0.0,CASH
1717,2008-06-28,1175,2056,402,3.0,2098.88,15.0,Credit
1718,2023-11-02,1074,2054,402,0.0,2701.53,,Credit Card
1719,2012-07-21,1121,2086,403,1.0,3218.76,0.0,Credit
1720,2017-12-29,1003,2086,404,0.0,1788.2,15.0,credit
1721,2011-08-08,1101,2056,401,0.0,524.72,0.0,Cash
1722,2020-10-06,1036,2050,404,0.0,747.12,-5.0,Digital
1723,2015-03-26,1189,2021,401,2.0,1336.66,15.0,Debit-Card
1724,2009-11-19,1050,2043,402,3.0,873.45,-5.0,Debit-Card
1725,2022-12-02,1031,2029,404,3.0,40.53,10.0,CASH
1726,2013-04-28,1071,2097,403,3.0,2526.3,5.0,Credit Card
1727,2018-09-18,1091,2060,404,3.0,1225.14,,Credit
1728,2010-05-08,1130,2035,402,3.0,899.99,5.0,Credit
1729,2021-08-20,1027,2015,403,3.0,0.0,5.0,CASH
1730,2014-07-25,1127,2029,402,0.0,40.53,0.0,Cash
1731,2008-07-12,1025,2094,401,0.0,1973.4,,Digital
1732,2023-10-16,1127,2086,401,1.0,4828.14,8.5,Cash
1733,2012-08-06,1097,2077,403,1.0,2022.59,10.0,
1734,2017-03-16,1077,2079,401,0.0,1901.08,10.0,Debit Card
1735,2011-09-02,1169,2096,404,3.0,672.18,150.0,CREDIT
1736,2020-12-01,1051,2037,404,3.0,1800.7,-5.0,Credit
1737,2015-06-05,1129,2033,403,0.0,1672.5,0.0,CREDIT
1738,2009-10-22,1195,2004,404,0.0,2781.75,20.0,credit
1739,2022-11-18,1098,2057,403,3.0,1310.94,20.0,Cash
1740,2013-05-07,1113,2058,401,0.0,2000.25,3.0,Credit
1741,2018-10-12,1045,2071,403,1.0,0.0,0.0,Debit-Card
1742,2010-06-19,1125,2055,402,2.0,86.3,5.0,credit
1743,2021-07-09,1183,2049,404,0.0,1879.68,10.0,Cash
1744,2014-01-12,1145,2086,404,3.0,2682.3,15.0,CREDIT
1745,2008-08-03,1121,2071,402,0.0,1845.48,0.0,CREDIT
1746,2023-12-04,1100,2033,404,3.0,2508.75,10.0,Debit Card
1747,2012-09-11,1157,2086,403,2.0,1430.56,0.0,Credit
1748,2017-04-24,1082,2007,401,0.0,1750.17,5.0,Debit-Card
1749,2011-10-03,1032,2046,403,0.0,167.15,15.0,Debit-Card
1750,2020-09-28,1195,2080,403,3.0,3329.04,25.0,Debit-Card
1751,2015-07-03,1024,2054,403,2.0,0.0,0.0,Credit Card
1752,2009-12-15,1105,2044,401,1.0,373.64,25.0,Cash
1753,2022-10-13,1063,2030,403,0.0,509.91,,Debit
1754,2013-04-16,1176,2008,403,0.0,133.18,0.0,Cash
1755,2018-08-28,1086,2021,401,2.0,2004.98,0.0,Debit Card
1756,2010-03-18,1009,2058,404,3.0,2000.25,-5.0,CREDIT
1757,2021-08-25,1068,2002,404,0.0,0.0,5.0,Digital
1758,2014-06-30,1081,2048,404,2.0,572.21,-5.0,Digital
1759,2008-09-14,1146,2012,404,0.0,623.19,5.0,Cash
1760,2023-11-21,1176,2086,402,2.0,1430.56,15.0,Credit
1761,2012-07-24,1127,2064,403,1.0,529.27,8.5,Credit Card
1762,2017-10-26,1157,2038,403,3.0,4632.55,15.0,Credit
1763,2011-11-15,1051,2063,401,1.0,0.0,10.0,CASH
1764,2020-12-20,1073,2033,401,2.0,1338.0,12.5,Cash
1765,2015-05-14,1146,2051,402,0.0,0.0,12.5,
1766,2009-10-30,1183,2074,401,2.0,0.0,15.0,CREDIT
1767,2022-12-25,1069,2008,404,3.0,66.59,-5.0,credit
1768,2013-05-29,1053,2044,401,2.0,332.13,15.0,credit
1769,2018-09-04,1129,2038,404,2.0,0.0,25.0,Debit-Card
1770,2010-04-30,1051,2053,404,2.0,488.12,15.0,Cash
1771,2021-07-31,1159,2065,404,1.0,1693.22,25.0,Credit
1772,2014-08-23,1004,2080,402,3.0,3329.04,15.0,Credit
1773,2008-07-20,1054,2084,404,2.0,901.92,,CREDIT
1774,2023-10-25,1163,2068,404,0.0,1640.48,3.0,CASH
1775,2012-08-09,1133,2025,403,3.0,838.86,-5.0,Cash
1776,2017-01-23,1037,2030,402,2.0,271.95,150.0,
1777,2011-12-05,1111,2052,403,0.0,731.26,,Debit-Card
1778,2020-11-04,1162,2026,404,2.0,169.25,5.0,Digital
1779,2015-06-18,1073,2082,402,2.0,213.28,15.0,credit
1780,2009-11-24,1175,2076,402,3.0,806.07,0.0,Cash
1781,2022-10-07,1061,2014,402,1.0,665.01,5.0,CASH
1782,2013-04-05,1007,2031,403,3.0,1695.9,5.0,Credit
1783,2018-08-11,1124,2071,404,3.0,1845.48,,Credit
1784,2010-03-26,1165,2004,402,1.0,1669.05,0.0,Digital
1785,2021-09-10,1069,2017,401,2.0,0.0,25.0,CREDIT
1786,2014-07-17,1071,2084,402,0.0,281.85,3.0,Credit
1787,2008-06-23,1184,2062,401,0.0,2477.44,15.0,Debit Card
1788,2023-12-15,1021,2040,403,0.0,69.08,5.0,Credit Card
1789,2012-09-16,1104,2046,401,3.0,167.15,5.0,CASH
1790,2017-02-28,1185,2017,402,0.0,1854.8,15.0,Cash
1791,2011-10-10,1146,2094,401,2.0,789.36,3.0,Digital
1792,2020-10-29,1127,2011,402,0.0,409.74,150.0,Cash
1793,2015-08-19,1197,2040,403,3.0,138.16,5.0,Credit Card
1794,2009-12-08,1191,2095,402,3.0,1963.16,-5.0,Debit Card
1795,2022-11-06,1055,2018,401,1.0,488.03,5.0,Credit
1796,2013-03-21,1054,2035,404,3.0,899.99,5.0,Credit
1797,2018-07-19,1065,2075,401,3.0,3903.2,,Debit Card
1798,2010-08-03,1136,2047,401,2.0,267.98,-5.0,Debit Card
1799,2021-08-08,1139,2054,404,1.0,3241.84,150.0,Digital
1800,2014-09-10,1071,2018,403,3.0,0.0,150.0,Debit
1801,2008-05-15,1183,2047,403,0.0,1004.94,5.0,Debit Card
1802,2023-09-20,1165,2077,401,0.0,1685.49,15.0,credit
1803,2012-10-18,1176,2085,402,2.0,581.16,150.0,Digital
1804,2017-05-03,1141,2049,403,2.0,1503.74,20.0,Credit Card
1805,2011-11-21,1175,2015,402,3.0,674.97,15.0,
1806,2020-12-11,1099,2001,404,2.0,0.0,,Digital
1807,2015-07-22,1077,2011,402,2.0,655.58,,credit
1808,2009-08-06,1053,2020,404,2.0,601.33,10.0,credit
1809,2022-10-01,1196,2082,404,0.0,533.2,0.0,Credit
1810,2013-03-14,1070,2010,404,3.0,311.36,3.0,Credit Card
1811,2018-08-06,1188,2052,403,3.0,2925.04,20.0,Credit
1812,2010-02-25,1025,2020,403,0.0,375.83,3.0,Credit
1813,2021-07-15,1090,2053,403,3.0,1830.45,15.0,Cash
1814,2014-06-13,1177,2003,401,1.0,346.66,0.0,Digital
1815,2008-07-05,1161,2056,402,0.0,1049.44,5.0,Debit
1816,2023-12-18,1102,2025,403,2.0,0.0,8.5,Debit
1817,2012-08-22,1147,2010,401,1.0,70.06,25.0,credit
1818,2017-01-26,1063,2066,402,3.0,516.06,20.0,Credit
1819,2011-12-14,1081,2057,404,1.0,786.56,-5.0,Credit
1820,2020-11-21,1066,2022,403,2.0,536.94,25.0,Cash
1821,2015-09-27,1050,2010,404,2.0,62.27,5.0,Credit
1822,2009-10-04,1046,2050,404,1.0,336.2,7.5,credit
1823,2022-11-24,1005,2002,402,0.0,3464.0,25.0,Cash
1824,2013-04-27,1118,2025,403,1.0,0.0,3.0,Credit
1825,2018-09-13,1012,2051,404,2.0,93.86,5.0,Credit
1826,2010-03-09,1038,2011,403,1.0,1475.06,20.0,Credit
1827,2021-06-28,1145,2015,401,3.0,2024.91,8.5,Credit Card
1828,2014-08-01,1197,2058,404,0.0,666.75,8.5,Debit
1829,2008-06-17,1057,2091,402,1.0,815.21,12.5,Cash
1830,2023-10-10,1005,2034,403,3.0,544.68,20.0,Digital
1831,2012-07-28,1097,2016,404,1.0,290.72,0.0,Digital
1832,2017-12-18,1153,2027,403,1.0,698.25,15.0,Credit Card
1833,2011-11-03,1107,2023,404,1.0,2536.76,,Credit Card
1834,2020-10-13,1007,2037,403,1.0,648.25,5.0,
1835,2015-08-29,1158,2057,402,2.0,699.17,10.0,Digital
1836,2009-12-12,1149,2087,404,0.0,637.28,15.0,Credit
1837,2022-12-23,1002,2060,402,2.0,326.7,3.0,CREDIT
1838,2013-05-13,1177,2050,402,3.0,186.78,150.0,Digital
1839,2018-10-21,1181,2054,403,0.0,1801.02,-5.0,Debit Card
1840,2010-02-19,1024,2071,401,0.0,615.16,150.0,CASH
1841,2021-09-05,1085,2030,404,2.0,407.93,7.5,credit
1842,2014-07-08,1155,2085,401,0.0,726.45,5.0,Debit
1843,2008-08-11,1064,2064,404,2.0,940.93,15.0,credit
1844,2023-11-28,1101,2085,403,1.0,217.94,15.0,CASH
1845,2012-06-25,1143,2005,402,2.0,343.02,15.0,
1846,2017-01-12,1043,2064,404,2.0,235.23,10.0,CASH
1847,2011-12-27,1119,2016,401,2.0,258.42,25.0,CREDIT
1848,2020-12-31,1181,2067,404,1.0,523.71,,Credit
1849,2015-10-24,1066,2014,403,0.0,0.0,20.0,CREDIT
1850,2009-11-02,1032,2063,403,2.0,441.97,-5.0,Debit
1851,2022-10-30,1110,2036,403,2.0,348.77,10.0,Digital
1852,2013-04-01,1132,2040,404,1.0,124.34,5.0,Digital
1853,2018-07-17,1080,2094,404,1.0,0.0,-5.0,CASH
1854,2010-01-28,1142,2084,404,0.0,0.0,3.0,Digital
1855,2021-08-30,1048,2019,401,1.0,840.54,,Debit
1856,2014-09-19,1046,2004,404,2.0,741.8,3.0,Credit Card
1857,2008-05-26,1041,2090,404,3.0,358.2,15.0,Debit